SEX,FIRST NAME,NUMBER OF OCCURRENCES
GIRL,A'A NAYHIA,1
GIRL,AADHYA,2
GIRL,AADITRI,1
GIRL,AAHANA,2
GIRL,AALEYAH,1
GIRL,AALIYAH,17
GIRL,AAMBAL KANNAMA,1
GIRL,AANAYA,1
GIRL,AANIYAH,1
GIRL,AANYA,2
GIRL,AARADHYA,1
GIRL,AARIA,1
GIRL,AARIYA,1
GIRL,AARNA,3
GIRL,AAROHI,1
GIRL,AARVI,1
GIRL,AARYA,6
GIRL,AARYN,1
GIRL,AASHI,1
GIRL,AASHVI,2
GIRL,AAVYA,3
GIRL,AAYATI,1
GIRL,ABBY,2
GIRL,ABEERA,1
GIRL,ABHAYA,1
GIRL,ABIGAEL,1
GIRL,ABIGAIL,59
GIRL,ABIGAIL HEAVEN,1
GIRL,ABIGALE,1
GIRL,ABREE,1
GIRL,A'BRIELLA,1
GIRL,ABRIL,4
GIRL,ABY,1
GIRL,ABYGAIL,1
GIRL,ABYNA,1
GIRL,ACURA,1
GIRL,ADA,9
GIRL,ADAEZE,1
GIRL,ADAIR,1
GIRL,ADALEE,1
GIRL,ADALIA,1
GIRL,ADALIE,3
GIRL,ADALINA,3
GIRL,ADALINE,5
GIRL,ADALY,1
GIRL,ADALYN,10
GIRL,ADALYNN,9
GIRL,ADAMA,1
GIRL,ADAMARI,1
GIRL,ADAMARIS,1
GIRL,ADAMAURI,1
GIRL,ADAN,1
GIRL,ADARA,2
GIRL,ADDALYN,1
GIRL,ADDALYNN,1
GIRL,ADDELAIDE,1
GIRL,ADDELYN,1
GIRL,ADDIE,1
GIRL,ADDILYN,2
GIRL,ADDILYNN,2
GIRL,ADDISON,21
GIRL,ADDISONLOU,1
GIRL,ADDISYN,1
GIRL,ADDYSON,3
GIRL,ADELA,1
GIRL,ADELAIDA,1
GIRL,ADELAIDE,8
GIRL,ADELANY,1
GIRL,ADELAYDA,1
GIRL,ADELAYZA,1
GIRL,ADELE,1
GIRL,ADELEIGH,1
GIRL,ADELEYNA,1
GIRL,ADELHEID,1
GIRL,ADELIE,2
GIRL,ADELINA,4
GIRL,ADELINE,23
GIRL,ADELINE COSETTE,1
GIRL,ADELYN,7
GIRL,ADELYNE,2
GIRL,ADELYNN,1
GIRL,ADIA,1
GIRL,ADIELINE,1
GIRL,ADILEIGH,1
GIRL,ADILENE,2
GIRL,ADILYNN,1
GIRL,ADINA,1
GIRL,ADIRA,1
GIRL,ADITHI,2
GIRL,ADITI,3
GIRL,ADLEY,1
GIRL,ADRIANA,12
GIRL,ADRIANNA,1
GIRL,ADRIENE,1
GIRL,ADRIENNE,1
GIRL,ADRITI,1
GIRL,ADVIKA,1
GIRL,ADYRA,1
GIRL,AEDRA,1
GIRL,AELA,2
GIRL,AELICIA,1
GIRL,AEMILIA,1
GIRL,AERALYN,1
GIRL,AFRAH,1
GIRL,AFTON,1
GIRL,AGER,1
GIRL,AGNES,1
GIRL,AGUSTINA,1
GIRL,AHD,1
GIRL,AHILYN,1
GIRL,AHLAYLA,1
GIRL,AHNA,1
GIRL,AHRI,1
GIRL,AHSOKA,1
GIRL,AIDA,1
GIRL,AIDALYN,1
GIRL,AIDELY,1
GIRL,AIDEYAMILET,1
GIRL,AIDRIENNE,1
GIRL,AIHNOA,1
GIRL,AIJA,1
GIRL,AILANI,1
GIRL,AILANY,1
GIRL,AILEE,1
GIRL,AILEEN,3
GIRL,AILEMA,1
GIRL,AILIN,2
GIRL,AILYNN,1
GIRL,AIMA,1
GIRL,AIMEE,2
GIRL,AINA,1
GIRL,AINHOA,2
GIRL,AINSLEE,1
GIRL,AINSLEY,4
GIRL,AISHA,4
GIRL,AISHWARYA,1
GIRL,AISLING,2
GIRL,AISLINN,4
GIRL,AISLYN,1
GIRL,AISLYNN,1
GIRL,AITANA,4
GIRL,AIVAH,1
GIRL,AIYANA,1
GIRL,AIYANNA,1
GIRL,AIYLA,1
GIRL,AIZA,1
GIRL,A'KADRIA,1
GIRL,AKASHA,1
GIRL,AKAYDIA,1
GIRL,AKEMI,1
GIRL,AKEWON,1
GIRL,AKINA,1
GIRL,AKIRA,1
GIRL,AKSHARA,1
GIRL,ALA,1
GIRL,A'LABYRINTH,1
GIRL,ALAIA,3
GIRL,ALAINA,7
GIRL,ALANA,3
GIRL,ALANAH,1
GIRL,ALANI,2
GIRL,ALANNAH,3
GIRL,ALANNI,1
GIRL,ALANTIS,1
GIRL,ALARIAH,1
GIRL,ALAYA,2
GIRL,A'LAYAH,1
GIRL,ALAYNA,2
GIRL,ALAZAY,1
GIRL,ALDEN,2
GIRL,ALDUVINA,1
GIRL,ALEAH,2
GIRL,ALEAHNA,1
GIRL,ALEEN,2
GIRL,ALEENA,5
GIRL,ALEIA,1
GIRL,ALEIDA,3
GIRL,ALEINA,1
GIRL,ALEISHA,1
GIRL,ALEISSA,1
GIRL,ALEJANDRA,8
GIRL,ALEKSANDRA,1
GIRL,ALENA,4
GIRL,ALESSANDRA,6
GIRL,ALESSIA,2
GIRL,ALEX,2
GIRL,ALEXA,25
GIRL,ALEXANDRA,18
GIRL,ALEXANDRIA,6
GIRL,ALEXIA,3
GIRL,ALEXIE,1
GIRL,ALEXIS,7
GIRL,ALEXSANDRA,1
GIRL,ALI,1
GIRL,ALIA,2
GIRL,ALIAH,4
GIRL,ALIANA,1
GIRL,ALIANNA,2
GIRL,ALICE,21
GIRL,ALICIA,3
GIRL,ALICIA-MARIE,1
GIRL,ALICIANA,1
GIRL,ALIERA,1
GIRL,ALIKA,1
GIRL,ALILLYONNA,1
GIRL,ALINA,12
GIRL,ALINALUZ,1
GIRL,ALINE,1
GIRL,ALIS,1
GIRL,ALISHA,1
GIRL,ALISIYA,1
GIRL,ALISON,4
GIRL,ALISSA,3
GIRL,ALISSANDRA,1
GIRL,ALISSON,2
GIRL,ALIVIA,2
GIRL,ALIYAH,4
GIRL,ALIYANA,2
GIRL,ALIYANAH,1
GIRL,ALIYANNA,3
GIRL,ALIZA,3
GIRL,ALIZAH,1
GIRL,ALIZE,2
GIRL,ALIZEAH,1
GIRL,ALIZET,1
GIRL,ALLANI,1
GIRL,ALLARYCE,1
GIRL,ALLEIGH,1
GIRL,ALLEY,1
GIRL,ALLIE,3
GIRL,ALLISON,37
GIRL,ALLISSON,1
GIRL,ALLORA,1
GIRL,ALLURA,1
GIRL,ALLY,1
GIRL,ALLYSON,7
GIRL,ALMA,5
GIRL,ALMA MIMI,1
GIRL,ALMA PEARL,1
GIRL,ALONDRA,13
GIRL,ALORA,1
GIRL,ALOUISE,1
GIRL,ALTAIR,1
GIRL,ALURA,1
GIRL,ALY,1
GIRL,ALYANA,1
GIRL,ALYANNA,1
GIRL,ALYCIA,1
GIRL,ALYSON,1
GIRL,ALYSSA,14
GIRL,ALYSSIA,1
GIRL,ALYSSON,1
GIRL,ALYVIA,1
GIRL,AMADA,1
GIRL,AMAIA,1
GIRL,AMAIYAH-ROSE,1
GIRL,AMAL,1
GIRL,AMALIA,3
GIRL,AMALYA,1
GIRL,AMANDA,6
GIRL,AMANI,3
GIRL,AMARA,6
GIRL,AMARI,4
GIRL,A'MARI,1
GIRL,AMARIS,1
GIRL,AMARISA,1
GIRL,AMARYAH,1
GIRL,AMARYLLIS,1
GIRL,AMAYA,4
GIRL,AMAYAH,2
GIRL,AMAZIAH,1
GIRL,AMBAR,1
GIRL,AMBER,1
GIRL,AMBRIE,1
GIRL,AMEERA,1
GIRL,AMEERAH,2
GIRL,AMELIA,52
GIRL,AMELIE,1
GIRL,AMERICA,2
GIRL,AMETHYST,2
GIRL,AMIA,3
GIRL,AMINA,6
GIRL,AMIRA,2
GIRL,AMIYAH,2
GIRL,AMIYAH-MAE,1
GIRL,AMNA,1
GIRL,AMOHA,1
GIRL,A'MORA,1
GIRL,AMPARO,1
GIRL,AMRAN,1
GIRL,AMREET,1
GIRL,AMY,8
GIRL,AMYRA,2
GIRL,ANA,9
GIRL,ANABELLA,3
GIRL,ANABIYA,1
GIRL,ANAEL,1
GIRL,ANAGHA,1
GIRL,ANAHI,5
GIRL,ANAIRA,2
GIRL,ANAIS,2
GIRL,ANAISE,1
GIRL,ANAISHA,2
GIRL,ANALAYA,1
GIRL,ANALEA,1
GIRL,ANALEAH,1
GIRL,ANALEE,2
GIRL,ANALEIGH,1
GIRL,ANALIA,3
GIRL,ANALISA,2
GIRL,ANALUCIA,2
GIRL,ANALY,1
GIRL,ANALYN,1
GIRL,ANALYSSA,1
GIRL,ANANYA,3
GIRL,ANARISSA,1
GIRL,ANARRI,1
GIRL,ANASTASIA,7
GIRL,ANASTASIE,1
GIRL,ANASTASSIA,1
GIRL,ANAY,1
GIRL,ANAYA,2
GIRL,ANAYAH,1
GIRL,ANAYANCI,1
GIRL,ANAYELI,1
GIRL,ANAYENSI,1
GIRL,ANAYII,1
GIRL,ANDALUCIA,1
GIRL,ANDERSON,1
GIRL,ANDERSYN,1
GIRL,ANDI,2
GIRL,ANDIS,1
GIRL,ANDREA,21
GIRL,ANEIRA,1
GIRL,ANGEL,2
GIRL,ANGELA,6
GIRL,ANGELIA,1
GIRL,ANGELINA,5
GIRL,ANGELINE,2
GIRL,ANGELIQUE,5
GIRL,ANGELY,1
GIRL,ANGELYZ,1
GIRL,ANGIE,2
GIRL,ANGIELINE,1
GIRL,ANIAH,2
GIRL,ANIKA,7
GIRL,ANISA,1
GIRL,ANISSIA,1
GIRL,ANIYA,1
GIRL,ANIYAH,8
GIRL,ANIYLAA,1
GIRL,ANJEL,1
GIRL,ANN,3
GIRL,ANN LUCIA,1
GIRL,ANNA,10
GIRL,ANNA ANH,1
GIRL,ANNA KATE,1
GIRL,ANNABEL,2
GIRL,ANNABELL,1
GIRL,ANNABELLA,3
GIRL,ANNABELLE,12
GIRL,ANNABETH,2
GIRL,ANNAEL,1
GIRL,ANNAELLE,1
GIRL,ANNAIS,1
GIRL,ANNALEAH,1
GIRL,ANNALEE,3
GIRL,ANNALISA,1
GIRL,ANNALISE,3
GIRL,ANNALY,1
GIRL,ANNALYN,1
GIRL,ANNALYNN,1
GIRL,ANNALYSIA,1
GIRL,ANNALYSSA,1
GIRL,ANNA'MARIE,1
GIRL,ANNASOPHIA,1
GIRL,ANNE,2
GIRL,ANNE ELIZABETH,1
GIRL,ANNELI,1
GIRL,ANNELIES,1
GIRL,ANNERIS,1
GIRL,ANNEYVA,1
GIRL,ANNIE,9
GIRL,ANNIKA,3
GIRL,ANNISSA,1
GIRL,ANNMARIE,3
GIRL,ANNYLA,1
GIRL,ANNZLEE,1
GIRL,ANORA,1
GIRL,ANSLEE,1
GIRL,ANSON,1
GIRL,ANTANIQUE,1
GIRL,ANTONELLA,2
GIRL,ANUSKA,1
GIRL,ANVI,1
GIRL,ANVIKA,2
GIRL,ANYA,2
GIRL,ANYIA,1
GIRL,AOIFE,1
GIRL,AOLANIS,1
GIRL,APRIL,5
GIRL,ARABELLA,9
GIRL,ARABELLE,2
GIRL,ARACELI,3
GIRL,ARACELY,2
GIRL,ARALYN,1
GIRL,ARAMIE,1
GIRL,ARANTZA,1
GIRL,ARANZA,6
GIRL,ARAXIE,1
GIRL,ARBOR,1
GIRL,ARDELIA,1
GIRL,ARDYN,1
GIRL,AREESHA,1
GIRL,ARELI,1
GIRL,ARELY,2
GIRL,ARFA,1
GIRL,ARIA,35
GIRL,ARIAH,3
GIRL,ARIAM,1
GIRL,ARIANA,12
GIRL,ARIANA JO,1
GIRL,ARIANNA,16
GIRL,ARIANY,1
GIRL,ARIBELLA,1
GIRL,ARIEANA,1
GIRL,ARIEL,12
GIRL,ARIELENA,1
GIRL,ARIELLA,3
GIRL,ARIELLE,2
GIRL,ARIETTA,1
GIRL,ARIKA,2
GIRL,ARISA,1
GIRL,ARISHA,1
GIRL,ARISSA,1
GIRL,ARITZEL,1
GIRL,ARIVA,1
GIRL,ARIYA,1
GIRL,ARIYAH,1
GIRL,ARIYAN,1
GIRL,ARKISHA  MAISIE,1
GIRL,ARLENE,1
GIRL,ARLET,2
GIRL,ARLETH,2
GIRL,ARLETTE,2
GIRL,ARMANI,1
GIRL,ARREYON,1
GIRL,ARROW,1
GIRL,ARTEMIS,3
GIRL,ARWEN,1
GIRL,ARYA,8
GIRL,ARYAH,2
GIRL,ARYANA,2
GIRL,ARYANNA,2
GIRL,ARYIAH,1
GIRL,ARYN,1
GIRL,ASA,1
GIRL,ASANNAH,1
GIRL,ASHA,1
GIRL,ASHAH,1
GIRL,ASHARI,1
GIRL,ASHBY,1
GIRL,ASHLEY,20
GIRL,ASHLY,1
GIRL,ASHLYNNE,1
GIRL,ASHMI,1
GIRL,ASHTEN,2
GIRL,ASHTON,2
GIRL,ASHTYN,1
GIRL,ASHVI,1
GIRL,ASHWINI,1
GIRL,ASIA,3
GIRL,ASIA'LEE,1
GIRL,ASIL,1
GIRL,ASLYN,1
GIRL,ASPEN,7
GIRL,ASSAL,1
GIRL,ASSINAT,1
GIRL,ASTRID,1
GIRL,ASYA,1
GIRL,ATHENA,14
GIRL,ATLEE,1
GIRL,ATLEY,1
GIRL,ATZIRI,1
GIRL,AUBREE,8
GIRL,AUBREY,20
GIRL,AUBRIELLA,2
GIRL,AUBRIELLE,3
GIRL,AUBRION,1
GIRL,AUBURN,1
GIRL,AUDELIA,1
GIRL,AUDRA,2
GIRL,AUDREY,26
GIRL,AUDRIANNA,2
GIRL,AUDRINA,1
GIRL,AUDRIYANA,1
GIRL,AUDYSSEY,1
GIRL,AUGUST,2
GIRL,AULANI,1
GIRL,AUNYSTI,1
GIRL,AURELIA,3
GIRL,AURIE,1
GIRL,AURORA,14
GIRL,A'URORA,1
GIRL,AUSTEN,2
GIRL,AUSTIN,1
GIRL,AUSTYN,1
GIRL,AUTRY,1
GIRL,AUTUMN,10
GIRL,AVA,73
GIRL,AVA CORALINE,1
GIRL,AVAE',1
GIRL,AVAH,1
GIRL,AVALYN,3
GIRL,AVALYNN,2
GIRL,AVANI,1
GIRL,AVANTI,1
GIRL,AVANYA,1
GIRL,AVARY,1
GIRL,AVE,1
GIRL,AVELYN,1
GIRL,AVERI,1
GIRL,AVERIE,1
GIRL,AVERLEIGH,1
GIRL,AVERY,43
GIRL,AVIA,2
GIRL,AVIANAH,1
GIRL,AVIANNA,4
GIRL,AVIANNAH,3
GIRL,AVIE,1
GIRL,AVIERRE,1
GIRL,AVIGAIL,2
GIRL,AVILYN,1
GIRL,AVINNA,1
GIRL,AVNI,2
GIRL,AVRA,1
GIRL,AYA,1
GIRL,AYAH,1
GIRL,AYANA,1
GIRL,AYANI,1
GIRL,AYANNA,1
GIRL,AYDEN,1
GIRL,AYELET,2
GIRL,AYLA,5
GIRL,AYLEEN,5
GIRL,AYLEN,2
GIRL,AYLIN,13
GIRL,AYRA,1
GIRL,AYRIN,1
GIRL,AYSHA,1
GIRL,AYVA,2
GIRL,AYVAH,1
GIRL,AZALAYA,1
GIRL,AZALEA,6
GIRL,AZANIAH,1
GIRL,AZARIAH,3
GIRL,AZBAH,1
GIRL,AZENETH,1
GIRL,AZMA,1
GIRL,AZRAH,1
GIRL,AZRAHNAE,1
GIRL,AZUL,1
GIRL,AZURA,1
GIRL,A'ZYLAH,1
GIRL,BABETTE,1
GIRL,BAILEE,1
GIRL,BAILEY,13
GIRL,BAIN,1
GIRL,BAKER,1
GIRL,BARBARA,4
GIRL,BASMA,1
GIRL,BAYLEE,3
GIRL,BAYLEY,2
GIRL,BAYLI,1
GIRL,BEA,1
GIRL,BEATRICE,4
GIRL,BEATRIZ,3
GIRL,BEAUTI,1
GIRL,BEBEE,1
GIRL,BECKETT,1
GIRL,BEIJA,1
GIRL,BELEN,5
GIRL,BELICIA,1
GIRL,BELINDA,2
GIRL,BELKY,1
GIRL,BELLA,23
GIRL,BELLAMY,2
GIRL,BELLE,2
GIRL,BENITA,1
GIRL,BENNETT,2
GIRL,BENTLEY,2
GIRL,BENTLEY-ROSE,1
GIRL,BERKELEY,1
GIRL,BERKLEY,1
GIRL,BERLIN,1
GIRL,BERLYNN,1
GIRL,BERNADETTE,1
GIRL,BERNICE,1
GIRL,BETHANEE,1
GIRL,BETHANY,4
GIRL,BETHEL,1
GIRL,BETSELOT,1
GIRL,BETTY,1
GIRL,BETZAIDA,1
GIRL,BEVERLY,2
GIRL,BEXLEY,1
GIRL,BHAKTI,1
GIRL,BHUVI,1
GIRL,BIANCA,2
GIRL,BIBIANNA,1
GIRL,BILGE,1
GIRL,BILLIE,2
GIRL,BILLY'E,1
GIRL,BIRDIE,2
GIRL,BIURLYN,1
GIRL,BLAINE,1
GIRL,BLAIR,5
GIRL,BLAKE,12
GIRL,BLAKELEE,1
GIRL,BLAKELY,5
GIRL,BLANCA,1
GIRL,BLAYNE,1
GIRL,BLUE JAY,1
GIRL,BODHI,2
GIRL,BONNIE,4
GIRL,BONNIE-CLAIRE,1
GIRL,BOWIE,2
GIRL,BRADIE,1
GIRL,BRAYLIE,1
GIRL,BREA,1
GIRL,BREANNA,1
GIRL,BRE'LAH,1
GIRL,BRENNA,1
GIRL,BRIA,1
GIRL,BRIAH,1
GIRL,BRIANA,7
GIRL,BRIANNA,11
GIRL,BRI'ANNE,1
GIRL,BRIAR,2
GIRL,BRI'AYRA,1
GIRL,BRICEYDA,1
GIRL,BRICIA,1
GIRL,BRIDGET,4
GIRL,BRIELLA,4
GIRL,BRI'ELLA,1
GIRL,BRIELLE,7
GIRL,BRIGITTE,1
GIRL,BRIM,1
GIRL,BRINLEE,1
GIRL,BRINLEY,3
GIRL,BRISA,4
GIRL,BRISSA,1
GIRL,BRISTOL,1
GIRL,BRISYN,1
GIRL,BRITTANY,2
GIRL,BRITTNEY,1
GIRL,BRONTE,1
GIRL,BROOKE,8
GIRL,BROOKELEE,1
GIRL,BROOKLYN,23
GIRL,BROOKLYNN,1
GIRL,BRYAN,1
GIRL,BRYANA,2
GIRL,BRYANNA,1
GIRL,BRYCLYN,1
GIRL,BRYLEE,2
GIRL,BRYLEIGH,1
GIRL,BRYN,2
GIRL,BRYNLEE,3
GIRL,BRYNLEIGH,1
GIRL,BRYNN,5
GIRL,BRYNNE,1
GIRL,CADEAU,1
GIRL,CADENCE,5
GIRL,CA'HLANI,1
GIRL,CAIAH,1
GIRL,CAIJHA,1
GIRL,CAILEY,1
GIRL,CAIRA,1
GIRL,CAITLYN,1
GIRL,CALDER,1
GIRL,CALI,1
GIRL,CALIANA,1
GIRL,CALIANNA,1
GIRL,CALINA,2
GIRL,CALISTA,1
GIRL,CA'LIYAH,1
GIRL,CALLA,2
GIRL,CALLIE,4
GIRL,CALLIOPE,4
GIRL,CAMARII,1
GIRL,CAMBRIA,1
GIRL,CAMBRIE,1
GIRL,CAMDYN,1
GIRL,CAMELA,1
GIRL,CAMELLA,1
GIRL,CAMERON,4
GIRL,CAMI,1
GIRL,CAMILA,56
GIRL,CAMILAH,1
GIRL,CAMILLA,10
GIRL,CAMILLE,5
GIRL,CAMLYN,1
GIRL,CAMPBELL,3
GIRL,CAMRYN,5
GIRL,CANDACE,1
GIRL,CAPRI,1
GIRL,CARISSA,1
GIRL,CARLEIONA,1
GIRL,CARLENE,1
GIRL,CARLY,1
GIRL,CARLY JUNE,1
GIRL,CARMANI,1
GIRL,CARMEN,5
GIRL,CAROL,1
GIRL,CAROLINA,5
GIRL,CAROLINA ANGELA,1
GIRL,CAROLINE,23
GIRL,CAROLYN,1
GIRL,CARRIE,1
GIRL,CARSON,3
GIRL,CARTER,2
GIRL,CARYS,1
GIRL,CASANDRA,2
GIRL,CASEY,2
GIRL,CASIE,1
GIRL,CASSANDRA,2
GIRL,CASSIA,2
GIRL,CASSIDY,2
GIRL,CASSIE,2
GIRL,CASSINIA,1
GIRL,CATALEYA,1
GIRL,CATALINA,14
GIRL,CATELYN,1
GIRL,CATHERINE,5
GIRL,CATIE,1
GIRL,CATTLEYA,1
GIRL,CAYLANI,1
GIRL,CAYLEE,1
GIRL,CAYLEIGH,1
GIRL,CE'ANNA,1
GIRL,CECELIA,3
GIRL,CECILIA,19
GIRL,CECILY,1
GIRL,CEIBA,1
GIRL,CEILI,1
GIRL,CELESTE,3
GIRL,CELINA,1
GIRL,CELINE,2
GIRL,CERSEI,1
GIRL,CESIA,3
GIRL,CEYDA,1
GIRL,CHAARUVI,1
GIRL,CHAMYLE,1
GIRL,CHANDLER,1
GIRL,CHANEL,2
GIRL,CHARIS,1
GIRL,CHARISSA,1
GIRL,CHARLEE,2
GIRL,CHARLEIGH,1
GIRL,CHARLES,1
GIRL,CHARLEY,5
GIRL,CHARLIE,15
GIRL,CHARLIRAE,1
GIRL,CHARLISA,1
GIRL,CHARLIZE,1
GIRL,CHARLOTTE,59
GIRL,CHARVI,1
GIRL,CHASITY,1
GIRL,CHAYLEE,1
GIRL,CHELSEA,1
GIRL,CHELSEE,1
GIRL,CHERISH,1
GIRL,CHE'RIYAH,1
GIRL,CHEYENNE,5
GIRL,CHIAGOZIE,1
GIRL,CHIAMARA,1
GIRL,CHIKAODILI,1
GIRL,CHLOE,35
GIRL,CHLOE',1
GIRL,CHLOE DANIELLA,1
GIRL,CHRISTAL,1
GIRL,CHRISTALYNN,1
GIRL,CHRISTI,1
GIRL,CHRISTIAN,1
GIRL,CHRISTINA,4
GIRL,CHRISTINE,4
GIRL,CHRISTY,1
GIRL,CHRISTYNNA,1
GIRL,CHRYSTAL,1
GIRL,CHYNNA,1
GIRL,CIELO,1
GIRL,CIENNA,1
GIRL,CINDY,1
GIRL,CING,1
GIRL,CINTHIA,1
GIRL,CINTHYA,1
GIRL,CIPIANA,1
GIRL,CITLALIC,1
GIRL,CITLALLI,1
GIRL,CITLALY,1
GIRL,CLAIRE,36
GIRL,CLARA,27
GIRL,CLARE,2
GIRL,CLARETTA,1
GIRL,CLARISA,1
GIRL,CLARISSA,1
GIRL,CLARITA,1
GIRL,CLARK,1
GIRL,CLARKE,1
GIRL,CLAUDIA,3
GIRL,CLAYTON,1
GIRL,CLEIO,1
GIRL,CLEMENTINE,8
GIRL,CLIO,2
GIRL,CLOVER,2
GIRL,CODI,1
GIRL,CODY,1
GIRL,COLBY,1
GIRL,COLETTE,6
GIRL,COLLINS,3
GIRL,COLLYN,1
GIRL,COLLYNS,1
GIRL,EDITH,3
GIRL,CONTESSINA,1
GIRL,COOPER,2
GIRL,CORA,28
GIRL,CORALINA,1
GIRL,CORALINE,4
GIRL,CORALYNN,1
GIRL,CORBIN,1
GIRL,CORDELIA,1
GIRL,CORENA,1
GIRL,CORI,1
GIRL,CORINNA,1
GIRL,CORINNE,1
GIRL,COSIMA,1
GIRL,COURINNE,1
GIRL,CREE,1
GIRL,CRISELDA,1
GIRL,CRISMELY,1
GIRL,CRISTAL,1
GIRL,CRISTINA,2
GIRL,CRISTY,1
GIRL,CROSBY,1
GIRL,CRYSTAL,2
GIRL,CURSCILLA,1
GIRL,CUVIE,1
GIRL,CYLEE,1
GIRL,CYNTHIA,5
GIRL,CYRIAH,1
GIRL,DACILA,1
GIRL,DAELANEE,1
GIRL,DAGNY,1
GIRL,DAHLIA,4
GIRL,DAHLIANNA,1
GIRL,DAIANA,1
GIRL,DAILANY,1
GIRL,DAILENY,1
GIRL,DAILY,1
GIRL,DAILYN,1
GIRL,DAILYNN,1
GIRL,D'AIRESS,1
GIRL,DAISY,17
GIRL,DAKOTA,3
GIRL,DALARY,1
GIRL,DA'LAYLAH,1
GIRL,DALEYSA,1
GIRL,DALEYZA,4
GIRL,DALIA,1
GIRL,DALIAH,1
GIRL,DALILAH,1
GIRL,DA'LIYAH,1
GIRL,DALYLA,1
GIRL,DALYN,1
GIRL,DA'MARIA,1
GIRL,DA'MYA,1
GIRL,DANA,2
GIRL,DANAE,1
GIRL,DANESIA,1
GIRL,DANETCY YERALDINE,1
GIRL,DANI,1
GIRL,DANIA,2
GIRL,DANIELA,9
GIRL,DANIELLA,3
GIRL,DANIELLE,1
GIRL,DANITZA,1
GIRL,DA'NIYAH,1
GIRL,DANNA,10
GIRL,DANNELI,1
GIRL,DANNETTE,1
GIRL,DANNEY,1
GIRL,DANNIELLE,1
GIRL,DANYELLA,1
GIRL,DAPHNE,3
GIRL,DAPHNIE,1
GIRL,DARA,2
GIRL,DARBY,1
GIRL,DARIA,2
GIRL,DARIANA,1
GIRL,DARIELA,2
GIRL,DARLA,1
GIRL,DARLETH,1
GIRL,DASHA,1
GIRL,DAVAEHA,1
GIRL,DAVIS,1
GIRL,DAWN,2
GIRL,DAYA,1
GIRL,DAYAMI,1
GIRL,DAYANA,5
GIRL,DAYANNA,2
GIRL,DAYELIN,1
GIRL,DAYIZ,1
GIRL,DAYLI,1
GIRL,DAYNA,1
GIRL,DAYSI,1
GIRL,DAZIRE,1
GIRL,DEBORAH,2
GIRL,DEBRA,1
GIRL,DEELIAH,1
GIRL,DEETHYA,1
GIRL,DEEYA SHRI,1
GIRL,DEIA,1
GIRL,DEJA,1
GIRL,DEJA'NAE,1
GIRL,DELANEY,2
GIRL,DELANY,1
GIRL,DELEIA,1
GIRL,DE'LEIAH,1
GIRL,DE'LEIYA,1
GIRL,DELIA,1
GIRL,DELICIA,1
GIRL,DELILAH,14
GIRL,DELINA,1
GIRL,DELMY,1
GIRL,DELPHINE,2
GIRL,DELYLAH,1
GIRL,DEMI,2
GIRL,DEMIYAH,1
GIRL,DENAHLY,1
GIRL,DENALI,1
GIRL,DENIA,1
GIRL,DENISE,1
GIRL,DENISSE,2
GIRL,DENNISE,1
GIRL,DEONDRIA,1
GIRL,DEOR,1
GIRL,DERRIANE,1
GIRL,DESI,1
GIRL,DESLYNN,1
GIRL,DESTANY,1
GIRL,DESTINEE,1
GIRL,DESTINY,9
GIRL,DEVANEY,1
GIRL,DEVENY SENA,1
GIRL,DEVESHI,1
GIRL,DEVI,1
GIRL,DEVIN,1
GIRL,DEVIRA-LYELLE,1
GIRL,DEVNA,1
GIRL,DEVON,3
GIRL,DEYANIRA,1
GIRL,DHARSHANA,1
GIRL,DHRITI,1
GIRL,DHRIYA,1
GIRL,DIAMOND,1
GIRL,DIANA,9
GIRL,DIANNA,1
GIRL,DIEM,1
GIRL,DILCIA,1
GIRL,DILLYN,1
GIRL,DI'MOND,1
GIRL,DIONNA,1
GIRL,DITI,1
GIRL,DIYA,4
GIRL,D'LANIE,1
GIRL,D'LAUREN,1
GIRL,D'LAYLA,1
GIRL,DOLLY,2
GIRL,DOLORES,1
GIRL,DONIA,1
GIRL,DORAH,1
GIRL,DORIE,1
GIRL,DOROTHEA,2
GIRL,DOROTHY,3
GIRL,DREW,2
GIRL,DRU,1
GIRL,DULCE,2
GIRL,DULCELUNA,1
GIRL,DUNEA,1
GIRL,DYLAN,10
GIRL,DYNAH,1
GIRL,DYNALI,1
GIRL,DYXY,1
GIRL,EBANGHA,1
GIRL,EBENEZER,1
GIRL,ECHO,1
GIRL,EDALYN,1
GIRL,EDEN,9
GIRL,EDEN ASSENGONE,1
GIRL,EDIE,1
GIRL,EERIEMOON,1
GIRL,EFFIE,2
GIRL,EILEEN,7
GIRL,EILIM,1
GIRL,EIMMY,1
GIRL,EIMY,2
GIRL,EISLEY,4
GIRL,ELA,1
GIRL,ELAINA,6
GIRL,ELAINE,2
GIRL,ELANA,1
GIRL,ELAND,1
GIRL,ELANIE,1
GIRL,ELARA,1
GIRL,ELAYNA,2
GIRL,ELDANA,1
GIRL,ELEA SAGE,1
GIRL,ELEANA,1
GIRL,ELEANOR,39
GIRL,ELEANOR ROUX,1
GIRL,ELEANORA,2
GIRL,ELEANORE,1
GIRL,ELENA,36
GIRL,ELENI,1
GIRL,ELENORA,1
GIRL,ELEYZA,1
GIRL,ELIA,2
GIRL,ELIANA,27
GIRL,ELIANAH,1
GIRL,ELIANE,1
GIRL,ELIANNA,7
GIRL,ELIDA,1
GIRL,ELIE,1
GIRL,ELIETTE,1
GIRL,ELIF,1
GIRL,ELILYN,1
GIRL,ELIN,1
GIRL,ELINE,1
GIRL,ELIOT,1
GIRL,ELISA,2
GIRL,ELISABET,1
GIRL,ELISE,6
GIRL,ELISHEBA,1
GIRL,ELISHUA,1
GIRL,ELISSA,1
GIRL,ELIZA,10
GIRL,ELIZABELL,1
GIRL,ELIZABETH,56
GIRL,ELIZAVYETA,1
GIRL,ELKE,1
GIRL,ELLA,45
GIRL,ELLA MAI,1
GIRL,ELLA ROSE,1
GIRL,ELLE,11
GIRL,ELLEENA,1
GIRL,ELLEN,5
GIRL,ELLERY,2
GIRL,ELLIANA,4
GIRL,ELLIANNA,1
GIRL,ELLIE,34
GIRL,ELLIELYNN,1
GIRL,ELLIKA,1
GIRL,ELLIOT,9
GIRL,ELLIOTT,4
GIRL,ELLIS,7
GIRL,ELLISON,1
GIRL,ELLORA,1
GIRL,ELLY,1
GIRL,ELLY NHI,1
GIRL,ELLYANNA,1
GIRL,ELLYM,1
GIRL,ELLYSON,1
GIRL,ELODIE,3
GIRL,ELOISE,5
GIRL,ELORA,3
GIRL,ELORIE,1
GIRL,ELOWEN,3
GIRL,ELSA,3
GIRL,ELSIE,6
GIRL,ELYANNA,1
GIRL,ELYSE,4
GIRL,ELYSIA,3
GIRL,ELYSSA,1
GIRL,EMAAN,1
GIRL,EMALEIGH,1
GIRL,EMALYN,1
GIRL,EMBER,5
GIRL,EMBERLEE,1
GIRL,EMBERLY,1
GIRL,EMBIRLY,1
GIRL,EMELIA,2
GIRL,EMELIE,1
GIRL,EMELY,4
GIRL,EMELYN,1
GIRL,EMERALD,2
GIRL,EMERIE,2
GIRL,EMERLY,1
GIRL,EMERLYN,1
GIRL,EMERSON,21
GIRL,EMERSYN,7
GIRL,EMERY,17
GIRL,EMERY  JANE,1
GIRL,EMESHA,1
GIRL,EMICA,1
GIRL,EMIKO,1
GIRL,EMILEE,1
GIRL,EMILI,1
GIRL,EMILIA,21
GIRL,EMILIANA,3
GIRL,EMILIANNA,1
GIRL,EMILIE,1
GIRL,EMILY,58
GIRL,EMILY GRACE,1
GIRL,EMILYN,1
GIRL,EMINA,1
GIRL,EMINE,1
GIRL,EMMA,98
GIRL,EMMA CLAIRE,1
GIRL,EMMAGRACE,1
GIRL,EMMALEE,2
GIRL,EMMALEINE,1
GIRL,EMMALIN,1
GIRL,EMMALINE,1
GIRL,EMMALYN,2
GIRL,EMMANUELLA,1
GIRL,EMMARIE,2
GIRL,EMMELINE,8
GIRL,EMMERIE,1
GIRL,EMMERY,1
GIRL,EMMIE,1
GIRL,EMMILOU,1
GIRL,EMMY,1
GIRL,EMMYLOU,1
GIRL,EMORY,2
GIRL,EMRIE,1
GIRL,EMRY,2
GIRL,EMSLEY,2
GIRL,EMY,1
GIRL,ENARA,1
GIRL,ENIOLA,1
GIRL,ENVEIGH,1
GIRL,EOWYN,2
GIRL,EPHRAIM,1
GIRL,ERABELLA-ROSE,1
GIRL,ERIASEOLUWA,1
GIRL,ERIKA,3
GIRL,ERIN,3
GIRL,ERU,1
GIRL,ERYNN,1
GIRL,ERZA,1
GIRL,ESHA,1
GIRL,ESHAL,1
GIRL,ESHANA,1
GIRL,ESME,8
GIRL,ESMERALDA,13
GIRL,ESPERANZA,2
GIRL,ESPN,1
GIRL,ESTEE,1
GIRL,ESTEFANY,1
GIRL,ESTELLA,3
GIRL,ESTELLE,3
GIRL,ESTELLI,1
GIRL,ESTER,1
GIRL,ESTHER,7
GIRL,ESTRELLA,7
GIRL,ETHANY,1
GIRL,ETTA,1
GIRL,EUMELIA LEE,1
GIRL,EVA,18
GIRL,EVA LUNA,1
GIRL,EVA-CLAIRE,1
GIRL,EVAH,1
GIRL,EVALINA,1
GIRL,EVALYNN,1
GIRL,EVAN,2
GIRL,EVANGELINA,3
GIRL,EVANGELINE,8
GIRL,EVA-ROSE,1
GIRL,EVAUGHNA,1
GIRL,EVE,1
GIRL,EVELIN,2
GIRL,EVELINE,1
GIRL,EVELYN,77
GIRL,EVELYNN,5
GIRL,EVELYNNE,1
GIRL,EVER,4
GIRL,EVERETT,2
GIRL,EVERETTE,1
GIRL,EVERLEE,2
GIRL,EVERLEIGH,4
GIRL,EVERLEY,1
GIRL,EVERLY,25
GIRL,EVIA,2
GIRL,EVIANA,1
GIRL,EVIE,4
GIRL,EZLYN,1
GIRL,EZRA,4
GIRL,FABLE,1
GIRL,FAELYN,1
GIRL,FAITH,12
GIRL,FALLON,1
GIRL,FALLYN,1
GIRL,FALYN,1
GIRL,FARA,1
GIRL,FARRAH,1
GIRL,FATIMA,3
GIRL,FATIMAH,1
GIRL,FATIMAMALANIA,1
GIRL,FAYE,3
GIRL,FELICITY,1
GIRL,FERN,2
GIRL,FERNANDA,5
GIRL,FINA,1
GIRL,FINLEE,2
GIRL,FINLEIGH,1
GIRL,FINLEY,18
GIRL,FIONA,11
GIRL,FIONNA,1
GIRL,FIZA,1
GIRL,FLAVIA,1
GIRL,FLETCHER,1
GIRL,FLOR,3
GIRL,FLORA,7
GIRL,FLORENCE,2
GIRL,FORREST,1
GIRL,FRANCES,5
GIRL,FRANCESCA,4
GIRL,FRANCINE,1
GIRL,FRANCIS,3
GIRL,FRANKIE,2
GIRL,FRANKLYNN,1
GIRL,FREYA,7
GIRL,FREYJA,1
GIRL,FRIDA,4
GIRL,FROZAAN,1
GIRL,GABRIELA,7
GIRL,GABRIELLA,22
GIRL,GABRIELLE,3
GIRL,GABRIELLE FAITH,1
GIRL,GAEL,1
GIRL,GALILEA,6
GIRL,GALILEE,1
GIRL,GARRI'ELLE,1
GIRL,GE'LIAH,1
GIRL,GEMA,2
GIRL,GEMMA,8
GIRL,GENESIS,28
GIRL,GENEVA,4
GIRL,GENEVIEVE,12
GIRL,GENNESIS,1
GIRL,GENTRY,1
GIRL,GEO,1
GIRL,GEORGIA,10
GIRL,GEORGIE,1
GIRL,GEORGINA,1
GIRL,GERALDINE,2
GIRL,GERTRUDE,1
GIRL,GEVYRA,1
GIRL,GHISLAINE,1
GIRL,GIA,2
GIRL,GIADA,1
GIRL,GIANA,4
GIRL,GIANNA,15
GIRL,GIAVANNI,1
GIRL,GIDEON,1
GIRL,GILANA,1
GIRL,GIORGIA,1
GIRL,GIOVANNA,3
GIRL,GISELA,3
GIRL,GISELE,4
GIRL,GISELLA,1
GIRL,GISELLE,11
GIRL,GISSEL,4
GIRL,GISSELLA,1
GIRL,GISSELLE,2
GIRL,GIULIANA,2
GIRL,GIULIANNA,1
GIRL,GIULIETTA,1
GIRL,GIZELLA,1
GIRL,GIZELLE,1
GIRL,GIZZELLE,1
GIRL,GJEVA,1
GIRL,GLENDY,1
GIRL,GLORIA,2
GIRL,GOLDIE,1
GIRL,GRACE,28
GIRL,GRACELYN,4
GIRL,GRACELYNN,1
GIRL,GRACEMARIE,1
GIRL,GRACIE,2
GIRL,GRACIELA,1
GIRL,GRACIELLA,1
GIRL,GRAECYN,1
GIRL,GRANUAILE,1
GIRL,GRAY,1
GIRL,GRAYSON,1
GIRL,GREECE,1
GIRL,GREISY,1
GIRL,GRETA,1
GIRL,GRETCHEN,2
GIRL,GRETHEL,1
GIRL,GRETTEL,2
GIRL,GRETTELL,1
GIRL,GREY,1
GIRL,GUADALUPE,2
GIRL,GULIANA,1
GIRL,GULLIETHA,1
GIRL,GWEN,7
GIRL,GWENDOLYN,6
GIRL,GWENEVERE,1
GIRL,GWYNETH,3
GIRL,HAAGR,1
GIRL,HAASINI,1
GIRL,HADASSAH,4
GIRL,HADDIE,1
GIRL,HADLEY,13
GIRL,HADYN,1
GIRL,HAFSA,1
GIRL,HAFSAH,1
GIRL,HAILEE,1
GIRL,HAILEY,13
GIRL,HALEY,7
GIRL,HALINA,1
GIRL,HALLE,2
GIRL,HALLIE,6
GIRL,HANA,1
GIRL,HANNA,4
GIRL,HANNAH,30
GIRL,HANNE,1
GIRL,HARITA,1
GIRL,HARLEE,2
GIRL,HARLEEN,1
GIRL,HARLEN,1
GIRL,HARLEY,9
GIRL,HARLOW,5
GIRL,HARLYNN,1
GIRL,HARMONI,1
GIRL,HARMONY,4
GIRL,HARPER,53
GIRL,HARPYR,1
GIRL,HARRAM,1
GIRL,HARRIET,3
GIRL,HARSHIKA,1
GIRL,HASSET,1
GIRL,HATTIE,10
GIRL,HATZIRY,1
GIRL,HAVANA,1
GIRL,HAVEN,2
GIRL,HAYA,1
GIRL,HAYAWOR,1
GIRL,HAYDEE,2
GIRL,HAYDEN,4
GIRL,HAYES,3
GIRL,HAYLEE,3
GIRL,HAYLEY,2
GIRL,HAYLIE,1
GIRL,HAZEL,30
GIRL,HAZELLE,1
GIRL,HAZINE,1
GIRL,HAZLEIGH,1
GIRL,HEATHER,2
GIRL,HEAVEN,5
GIRL,HEAVENLEY,1
GIRL,HEAVENLY,1
GIRL,HEIDI,9
GIRL,HEIDY,5
GIRL,HEILY,1
GIRL,HEILYN,1
GIRL,HELANY,1
GIRL,HELEN,5
GIRL,HELENA,4
GIRL,HELINA,1
GIRL,HELLEN,3
GIRL,HELLER,1
GIRL,HEMMING,1
GIRL,HENDRIX,1
GIRL,HENLEY,4
GIRL,HENLYE,1
GIRL,HENNESSY,1
GIRL,HENRIETTA,1
GIRL,HENSLEY,3
GIRL,HERA ISABELLE,1
GIRL,HESAT,1
GIRL,HILDA,1
GIRL,HIMABINDU,1
GIRL,HIROMY,1
GIRL,HISMAELA,1
GIRL,HITANSHI,1
GIRL,HIYAB,1
GIRL,HOLLAND,2
GIRL,HOLLEEN,1
GIRL,HOLLIE,1
GIRL,HOLLIS,2
GIRL,HOLLY,4
GIRL,HOLY,1
GIRL,HONEST,1
GIRL,HONNESHA,1
GIRL,HONNESTY,1
GIRL,HOORIYA,1
GIRL,HOPE,3
GIRL,HOSANNA,1
GIRL,HUDA,2
GIRL,HUDSON,1
GIRL,HUNTER,1
GIRL,HUSAINA,1
GIRL,HUSNA,1
GIRL,HUXLEY,1
GIRL,IBRIA,1
GIRL,IBUKUNOLUWA,1
GIRL,ICIYANNA,1
GIRL,ICY,1
GIRL,IDA,1
GIRL,IDABELLE,1
GIRL,IDALIE,1
GIRL,IDRIS-CAMILE,1
GIRL,IGNACIA,1
GIRL,IHAANTARA,1
GIRL,ILA,1
GIRL,ILDIKO,1
GIRL,ILIANA,2
GIRL,ILIANNA,1
GIRL,ILLARI,1
GIRL,ILLIANA,1
GIRL,ILLIYA,1
GIRL,ILO,1
GIRL,ILWAAD,1
GIRL,ILYANA,1
GIRL,IMAN,3
GIRL,IMANI,3
GIRL,INAARA,1
GIRL,INAAYA,1
GIRL,INARA,2
GIRL,INAYA,2
GIRL,INCHARA,1
GIRL,INDIA,1
GIRL,INDIE,2
GIRL,INDIRA,1
GIRL,INDY,1
GIRL,INES,1
GIRL,INEZ,1
GIRL,INFANT BABY GIRL,1
GIRL,IONE,2
GIRL,IRA,2
GIRL,IRASEMA,1
GIRL,IRELIA,1
GIRL,IRENE,4
GIRL,IRIE,1
GIRL,IRINA,1
GIRL,IRIS,10
GIRL,ISABEL,13
GIRL,ISABELA,3
GIRL,ISABELLA,88
GIRL,ISABELLE,15
GIRL,ISADORA,1
GIRL,ISAIDA,1
GIRL,ISALENA,1
GIRL,ISAURA,1
GIRL,ISBEIDY,1
GIRL,ISELA,1
GIRL,ISHA,3
GIRL,ISHAA,1
GIRL,ISHAANVI,1
GIRL,ISHIKA,2
GIRL,ISLA,11
GIRL,ISLAH,1
GIRL,ISLAY,1
GIRL,ISOBEL,2
GIRL,ISOLDE,1
GIRL,ISUA,1
GIRL,ITZAE,1
GIRL,ITZAMAR,1
GIRL,ITZAYANA,7
GIRL,ITZEL,10
GIRL,ITZIGUERI,1
GIRL,IVA,1
GIRL,IVANALEYAH,1
GIRL,IVANJELYNA,1
GIRL,IVANNA,8
GIRL,IVETH,1
GIRL,IVONNE,2
GIRL,IVORIE,1
GIRL,IVORY,2
GIRL,IVY,15
GIRL,IVYANA,1
GIRL,IVYANNA,1
GIRL,IYLA,1
GIRL,IZABELA,1
GIRL,IZABELE,1
GIRL,IZABELLA,7
GIRL,IZZABELLE,1
GIRL,IZZY,1
GIRL,JACE,1
GIRL,JACE JAI LI,1
GIRL,JACEE,1
GIRL,JACELY,1
GIRL,JACI,2
GIRL,JACIE,1
GIRL,JACINDA,1
GIRL,JACKELIN,1
GIRL,JACKELINE,1
GIRL,JACKELYN,2
GIRL,JACKIE,3
GIRL,JACOBI,1
GIRL,JACQUELINE,8
GIRL,JACQUELYN,4
GIRL,JACYN,1
GIRL,JADA,3
GIRL,JADE,15
GIRL,JAELENA,1
GIRL,JAELONI,1
GIRL,JAELYN,2
GIRL,JAELYNN,4
GIRL,JAE'VANIQUE,1
GIRL,JAEYAH',1
GIRL,JAGGER,1
GIRL,JAHAIRA,1
GIRL,JAHIELLE,1
GIRL,JAHNAVI,1
GIRL,JAICEE,1
GIRL,JAIDY,1
GIRL,JAI'LA,1
GIRL,JAILEE,2
GIRL,JAILYNE,1
GIRL,JAI'LYNN,1
GIRL,JA'LAYAH,1
GIRL,JA'LAYLA,1
GIRL,JA'LEAH,1
GIRL,JALEN,1
GIRL,JA'LIN,1
GIRL,JALIYAH,2
GIRL,JALIYIAH,1
GIRL,JAMES,1
GIRL,JAMIE,4
GIRL,JA'MILLIAN,1
GIRL,JAMYRAH,1
GIRL,JANA,3
GIRL,JANAE,1
GIRL,JANAL,1
GIRL,JANAVIE,1
GIRL,JANE,8
GIRL,JANELLE,3
GIRL,JANELLEE,1
GIRL,JANELLY,1
GIRL,JANETH,1
GIRL,JANICE,1
GIRL,JANICE EVELYN,1
GIRL,JANIE,1
GIRL,JA'NIJAH,1
GIRL,JANINE,1
GIRL,JANIS,1
GIRL,JANIYAH,2
GIRL,JA'NIYAH,2
GIRL,JANNELLE,1
GIRL,JA'NOVA,1
GIRL,JANVI,2
GIRL,JANYLA,1
GIRL,JA'NYLA,1
GIRL,JAQUELIN,1
GIRL,JAQUELINE,1
GIRL,JA'RAI,1
GIRL,JARETZY,1
GIRL,JARIAH,1
GIRL,JASCELYN,1
GIRL,JASLENE,1
GIRL,JASLYN,1
GIRL,JASLYNN,1
GIRL,JASMIN,3
GIRL,JASMINE,8
GIRL,JASMINE-NICHOLE,1
GIRL,JASMYNE,1
GIRL,JASSMIN,1
GIRL,JASVITHA,1
GIRL,JAYA,1
GIRL,JAYANA,1
GIRL,JAYCEE,1
GIRL,JAYDA,2
GIRL,JAYDE,2
GIRL,JAYLA,1
GIRL,JAYLAH,2
GIRL,JAY'LAH,1
GIRL,JAYLEE,1
GIRL,JAYLEEN,5
GIRL,JAY'LEI,1
GIRL,JAYLEN,1
GIRL,JAYLENE,1
GIRL,JAYLIANA,1
GIRL,JAYLIN,3
GIRL,JAYLINE,1
GIRL,JAYLONI,1
GIRL,JAYNA,1
GIRL,JAZARAH,1
GIRL,JA'ZI,1
GIRL,JAZIREA,1
GIRL,JAZIRIAH,1
GIRL,JAZLYN,3
GIRL,JAZLYNN,1
GIRL,JAZMIN,5
GIRL,JAZMINE,4
GIRL,JAZMINE ROSE MARIGOLD,1
GIRL,JAZZ,1
GIRL,JAZZERAE,1
GIRL,JAZZLEAN,1
GIRL,JAZZLYN,1
GIRL,JAZZLYNN,1
GIRL,JEANELLA,1
GIRL,JEANETTE,1
GIRL,JEILYN,1
GIRL,JEIMY,1
GIRL,JELEYNA,1
GIRL,JEMMA,1
GIRL,JEN,1
GIRL,JENA,1
GIRL,JENESIS,2
GIRL,JENNA,2
GIRL,JENNABELLE,1
GIRL,JENNEVAH,1
GIRL,JENNEVI,1
GIRL,JENNIFER,4
GIRL,JENNISSE,1
GIRL,JENSEN,1
GIRL,JEORGINA,1
GIRL,JESALYN,1
GIRL,JESHIA,1
GIRL,JESIAH,1
GIRL,JESSA,1
GIRL,JESSABELLE,1
GIRL,JESSENIE,1
GIRL,JESSICA,6
GIRL,JESSIE,1
GIRL,JEWEL,2
GIRL,JEWLIA,1
GIRL,JHACELYN,1
GIRL,JHOURNEE,1
GIRL,JIALI APPHIA,1
GIRL,JIANA,2
GIRL,JIANNA,1
GIRL,JILL,1
GIRL,JILLIAN,6
GIRL,JIMENA,6
GIRL,JINA,1
GIRL,JIREH,1
GIRL,JISELLE,1
GIRL,JISSELL,1
GIRL,JIZELLE,1
GIRL,J'LYN,1
GIRL,JO,1
GIRL,JOANA,1
GIRL,JOANNA,11
GIRL,JOANNE,1
GIRL,JOANY,1
GIRL,JOCELIN,1
GIRL,JOCELINE,1
GIRL,JOCELYN,10
GIRL,JOCIE,1
GIRL,JODI,1
GIRL,JOELLA,1
GIRL,JOEY,1
GIRL,JOHANA,2
GIRL,JOHANNA,3
GIRL,JOHNNIE,1
GIRL,JOLEEN,1
GIRL,JOLEIGH,2
GIRL,JOLENE,5
GIRL,JOLIE,1
GIRL,JONI,1
GIRL,JONYA,1
GIRL,JOORI,1
GIRL,JORDAN,7
GIRL,JORDYN,5
GIRL,JORDYNN,1
GIRL,JOSALYN,1
GIRL,JOSELIN,1
GIRL,JOSELYN,2
GIRL,JOSELYNN,1
GIRL,JOSENE,1
GIRL,JOSEPHINE,23
GIRL,JOSETTE,1
GIRL,JOSEY,1
GIRL,JOSHNIKA,1
GIRL,JOSIE,5
GIRL,JOSOPHIA,1
GIRL,JOSSARY,1
GIRL,JOSSELINE,1
GIRL,JOSSELYN,1
GIRL,JOURDAN,1
GIRL,JOURNEY,3
GIRL,JOURNIE,1
GIRL,JOVIE,1
GIRL,JOY,7
GIRL,JOY ESTHER,1
GIRL,JOYCE,4
GIRL,JUANA,1
GIRL,JUANITA,1
GIRL,JUBILEE,2
GIRL,JUDE,2
GIRL,JUDIESY,1
GIRL,JUDITH,2
GIRL,JUDY,1
GIRL,JUEUN,1
GIRL,JULEE,1
GIRL,JULEESAH,1
GIRL,JULES,1
GIRL,JULESSA,1
GIRL,JULIA,21
GIRL,JULIANA,15
GIRL,JULIANNA,13
GIRL,JULIANNE,1
GIRL,JULIE,1
GIRL,JULIET,14
GIRL,JULIETA,3
GIRL,JULIETTA,1
GIRL,JULIETTE,13
GIRL,JULINA,1
GIRL,JULISA,1
GIRL,JULISSA,5
GIRL,JUNA,1
GIRL,JUNE,22
GIRL,JUNIPER,15
GIRL,JUPITER,3
GIRL,JURIANA,1
GIRL,JURIYAH,1
GIRL,JURNEE,2
GIRL,JUR'NEE,1
GIRL,JUSTICE,2
GIRL,JUSTINE,2
GIRL,JUSTUS,1
GIRL,JUWAINA,1
GIRL,KACEY,1
GIRL,KADEN,1
GIRL,KADYNCE,1
GIRL,KAELANI,1
GIRL,KAELIN,1
GIRL,KAE'LIN,1
GIRL,KAELYN,1
GIRL,KAELYNN,1
GIRL,KAETLYN,1
GIRL,KAHLAN,1
GIRL,KAHLANI,1
GIRL,KAHLI,1
GIRL,KAI,3
GIRL,KAIA,1
GIRL,KAIDENCE,1
GIRL,KAILANI,1
GIRL,KAILEY,1
GIRL,KAILY,1
GIRL,KAILYN,1
GIRL,KAIRA,2
GIRL,KAISLYNNE,1
GIRL,KAITLEEN,1
GIRL,KAITLYN,5
GIRL,KAITLYNN,1
GIRL,KAIYA,4
GIRL,KALANI,3
GIRL,KALASH,1
GIRL,KALEA,2
GIRL,KALE'A,1
GIRL,KALEY,1
GIRL,KALI,3
GIRL,KALIE,2
GIRL,KALIYAH,1
GIRL,KALLIANNE,1
GIRL,KALLIE,1
GIRL,KALYN,1
GIRL,KAMBRIE,1
GIRL,KAM'BRIE,1
GIRL,KAMDEN,1
GIRL,KAMEA,1
GIRL,KAMILA,12
GIRL,KAMILAH,1
GIRL,KAMILLE,1
GIRL,KAMIYAH,1
GIRL,KAMRII,1
GIRL,KAMRYN,1
GIRL,KAMSIYONNA,1
GIRL,KANISHKA,1
GIRL,KANIYA,1
GIRL,KA'NIYA,1
GIRL,KA'OIR,1
GIRL,KARA,3
GIRL,KAREN,4
GIRL,KARI,1
GIRL,KARIAH,1
GIRL,KARIME,1
GIRL,KARINA,5
GIRL,KARIS,4
GIRL,KARIZMA,1
GIRL,KARLA,5
GIRL,KARMA,2
GIRL,KARMINA,1
GIRL,KAROL,1
GIRL,KAROLINA,2
GIRL,KARRISSA,1
GIRL,KARSYN,3
GIRL,KARYSSA,1
GIRL,KASEDI,1
GIRL,KASIDY,1
GIRL,KASIN,1
GIRL,KASLEEN,1
GIRL,KASSIA,1
GIRL,KASSIDY,1
GIRL,KASSIE,1
GIRL,KATALEYA,4
GIRL,KATALINA,4
GIRL,KATALYNA,1
GIRL,KATARYNNA,1
GIRL,KATE,8
GIRL,KATELYN,4
GIRL,KATEMCY,1
GIRL,KATERI,1
GIRL,KATERIN,1
GIRL,KATERINA,1
GIRL,KATHERIN,1
GIRL,KATHERINE,34
GIRL,KATHERINNE,1
GIRL,KATHERYN,1
GIRL,KATHIA,1
GIRL,KATHLEEN,3
GIRL,KATHRYN,3
GIRL,KATHRYNE,1
GIRL,KATIA,1
GIRL,KATIE,4
GIRL,KAURI,1
GIRL,KAVINAYA,1
GIRL,KAVYA,1
GIRL,KAYA,4
GIRL,KAYDEN,1
GIRL,KAYDENCE,1
GIRL,KAYGEN,1
GIRL,KAYLA,12
GIRL,KAYLANI,3
GIRL,KAYLEE,15
GIRL,KAYLEEN,3
GIRL,KAYLEI,1
GIRL,KAYLEIGH,1
GIRL,KAYLEN,2
GIRL,KAYLEY,1
GIRL,KAYLI,1
GIRL,KAYLIANA,1
GIRL,KAYRIN,1
GIRL,KAYSE,1
GIRL,KA'ZALE,1
GIRL,KEANA,1
GIRL,KEANYA,1
GIRL,KEELEY,1
GIRL,KEELY,2
GIRL,KEERTHI HAMSINI,1
GIRL,KEHLANI,2
GIRL,KEIDY,1
GIRL,KEILA,1
GIRL,KEILANI,1
GIRL,KEILLY,1
GIRL,KEILY,4
GIRL,KEIRA,6
GIRL,KEIRRA,1
GIRL,KEIRY,1
GIRL,KEI'VA,1
GIRL,KELANI,1
GIRL,KELBY,1
GIRL,KELINA,1
GIRL,KELLY,1
GIRL,KELSEY,4
GIRL,KELSIE,1
GIRL,KENADI,1
GIRL,KENDALL,6
GIRL,KENDRA,5
GIRL,KENIA,4
GIRL,KENLEY,1
GIRL,KENNA,2
GIRL,KENNADY,1
GIRL,KENNEDI,3
GIRL,KENNEDY,21
GIRL,KENNITY,1
GIRL,KENNON,1
GIRL,KENSINGTON,1
GIRL,KENSLEY,1
GIRL,KENYA,2
GIRL,KE'NYRA,1
GIRL,KENZA,1
GIRL,KENZIE,1
GIRL,KENZLEIGH,1
GIRL,KERRIGAN,1
GIRL,KESTREL,1
GIRL,KEYANA,1
GIRL,KEYLA,3
GIRL,KEZIAH,3
GIRL,KHADEEJA,1
GIRL,KHADIJA,1
GIRL,KHALANI,1
GIRL,KHALEESI,2
GIRL,KHALEESI MAE,1
GIRL,KHALI,1
GIRL,KHALYSE,1
GIRL,KHAMI,1
GIRL,KHERRINGTON,1
GIRL,KHLOE,7
GIRL,KIAMARA,1
GIRL,KIANA,2
GIRL,KIANNA,1
GIRL,KIANNI,1
GIRL,KIARA,4
GIRL,KIAVONNI,1
GIRL,KIDA,1
GIRL,KIERLYNN,1
GIRL,KIERSTEN,1
GIRL,KI'LAHNI,1
GIRL,KIM,1
GIRL,KIMBER,2
GIRL,KIMBERLY,15
GIRL,KI'MONIE,1
GIRL,KINDALYN,1
GIRL,KINGSLEY,1
GIRL,KINLEIGH,1
GIRL,KINLEY,5
GIRL,KINSLEE,3
GIRL,KINSLEY,10
GIRL,KINSLIE,1
GIRL,KINZIE,1
GIRL,KINZY,1
GIRL,KIRA,7
GIRL,KIRAN,1
GIRL,KIYAH,2
GIRL,KLAIRE,1
GIRL,KLINE,1
GIRL,KLOE,1
GIRL,KOA,1
GIRL,KODI,1
GIRL,KODIE-RAE,1
GIRL,KORI,1
GIRL,KORRA,1
GIRL,KORRINE,1
GIRL,KORYN,1
GIRL,KOURI,1
GIRL,KOURTNEY,1
GIRL,KRISTA,1
GIRL,KRISTAL,1
GIRL,KRISTI,1
GIRL,KRISTIN,1
GIRL,KRISTINA,1
GIRL,KRYSTAL,1
GIRL,KRYSTEL,1
GIRL,KRYSTIANA,1
GIRL,KURSTIN,1
GIRL,KYAH,1
GIRL,KYANA,1
GIRL,KYANNA,1
GIRL,KYLAH,1
GIRL,KYLEE,2
GIRL,KYLER,1
GIRL,KYLIE,9
GIRL,KYLYNN,2
GIRL,KYMORI,1
GIRL,KYNDAL,1
GIRL,KYNLEE,1
GIRL,KYNLEIGH,1
GIRL,KYNLI,1
GIRL,KYNNEDI,1
GIRL,KYNSIE,1
GIRL,KYNSLEE,1
GIRL,KYNZLIE,1
GIRL,KYRA,4
GIRL,LAASYA,1
GIRL,LACEY,1
GIRL,LAELA,1
GIRL,LAH'LONNIE,1
GIRL,LAIBA,1
GIRL,LAIKYNN,1
GIRL,LAILA,5
GIRL,LAILAH,2
GIRL,LAINE,1
GIRL,LAINEE,2
GIRL,LA'JAE,1
GIRL,LAKE,1
GIRL,LAKELYN,1
GIRL,LAKEN,1
GIRL,LA'MYA,2
GIRL,LANA,6
GIRL,LANDON,1
GIRL,LANDRY,1
GIRL,LANDYN,3
GIRL,LANEY,2
GIRL,LANGLEY,1
GIRL,LANI,1
GIRL,LARA,2
GIRL,LARIAH,1
GIRL,LARISSA,2
GIRL,LARK,1
GIRL,LARKIN GRACE,1
GIRL,LARSEN,1
GIRL,LASYA,1
GIRL,LAURA,8
GIRL,LAUREL,3
GIRL,LAUREN,17
GIRL,LAURYN,2
GIRL,LAVAE,1
GIRL,LAVINIA,1
GIRL,LAYA,1
GIRL,LAYAN,1
GIRL,LAY'ANNA,1
GIRL,LAYELLE,1
GIRL,LAYENI,1
GIRL,LAYLA,40
GIRL,LAYLAH,1
GIRL,LAYLANI,1
GIRL,LAYLANNI,1
GIRL,LAYLA'ROSE,1
GIRL,LAYTON,1
GIRL,LEAH,29
GIRL,LEAHLY,1
GIRL,LEAN,1
GIRL,LEANNA,3
GIRL,LE'ASIA,1
GIRL,LEEAH,1
GIRL,LEEANA,1
GIRL,LEEYA,1
GIRL,LEGACI,1
GIRL,LEIA,8
GIRL,LEIAH,1
GIRL,LEIDI,1
GIRL,LEIGHTON,8
GIRL,LEILA,12
GIRL,LEILANI,14
GIRL,LEILANII,1
GIRL,LEILANY,1
GIRL,LEILANYS,1
GIRL,LEILIANA,1
GIRL,LEILY,1
GIRL,LELA,1
GIRL,LELIA,1
GIRL,LENA,4
GIRL,LE'NAE,1
GIRL,LENNA,1
GIRL,LENNON,2
GIRL,LENNY,1
GIRL,LENORA,2
GIRL,LENOX,1
GIRL,LEONA,3
GIRL,LEONORA,1
GIRL,LEORA,1
GIRL,LERA,1
GIRL,LESLEE,1
GIRL,LESLIE,6
GIRL,LESLY,1
GIRL,LETA,1
GIRL,LEVIN,1
GIRL,LEWELYN,1
GIRL,LEX,1
GIRL,LEXI,1
GIRL,LEXY,1
GIRL,LEYAH,1
GIRL,LEYLA,2
GIRL,LEYLANI,1
GIRL,LEYLANNI,1
GIRL,LIA,3
GIRL,LIALI,1
GIRL,LIANA,4
GIRL,LIANNA,1
GIRL,LIANNE,1
GIRL,LIBBY,1
GIRL,LIBERTY,2
GIRL,LIDIA,2
GIRL,LIELLE,1
GIRL,LILA,8
GIRL,LILAH,4
GIRL,LILANA,1
GIRL,LILA-OLIVIA,1
GIRL,LILIA,1
GIRL,LILIAN,3
GIRL,LILIANA,18
GIRL,LILIANE,1
GIRL,LILIANNA,2
GIRL,LILIANNE,1
GIRL,LILITH,2
GIRL,LILLABEE,1
GIRL,LILLIAN,41
GIRL,LILLIANA,3
GIRL,LILLIANNA,5
GIRL,LILLIE,3
GIRL,LILLIJEAN,1
GIRL,LILLITH,1
GIRL,LILLY,9
GIRL,LILLYANA,1
GIRL,LILLYPEARL,1
GIRL,LILOU,2
GIRL,LILT,1
GIRL,LILURA,1
GIRL,LILY,25
GIRL,LILYANA,4
GIRL,LILYANNA,2
GIRL,LILYBETH,1
GIRL,LINA,2
GIRL,LINCOLN,5
GIRL,LINDA,1
GIRL,LINDSAY,2
GIRL,LINDSEY,2
GIRL,LINEN,1
GIRL,LINLEY,1
GIRL,LINNIE,1
GIRL,LISA,2
GIRL,LISANNA,1
GIRL,LISETTE,1
GIRL,LITZY,1
GIRL,LIV,3
GIRL,LIVI,1
GIRL,LIVIA,2
GIRL,LIVIYA,1
GIRL,LIYANA,2
GIRL,LIZ,1
GIRL,LIZABETH,2
GIRL,LIZANN,1
GIRL,LIZBETH,5
GIRL,LIZZET,1
GIRL,LLUVIA,1
GIRL,LOA,1
GIRL,LOAH,1
GIRL,LOCHLAN,1
GIRL,LOGAN,8
GIRL,LOGANN,1
GIRL,LOIS,3
GIRL,LOLA,12
GIRL,LONA,1
GIRL,LONDON,7
GIRL,LONDYN,6
GIRL,LONNI,1
GIRL,L'OREAL,1
GIRL,LORELAI,10
GIRL,LORELEI,5
GIRL,LOREN,2
GIRL,LORENA,2
GIRL,LORENZA,1
GIRL,LORETTA,1
GIRL,LORRAINE,4
GIRL,LORYANA,1
GIRL,LOTTIE,1
GIRL,LOTUS,1
GIRL,LOU,1
GIRL,LOUISA,4
GIRL,LOUISE,1
GIRL,LOULA-AN,1
GIRL,LOUNA,1
GIRL,LOURDES,2
GIRL,LOVE,3
GIRL,LOVELEE,1
GIRL,LOVELLE,1
GIRL,LOXLEY,1
GIRL,LOYALTY,1
GIRL,LUANA,1
GIRL,LUCCIA,1
GIRL,LUCIA,10
GIRL,LUCIANA,7
GIRL,LUCIANNA,1
GIRL,LUCILE,1
GIRL,LUCILLE,10
GIRL,LUCINDA,5
GIRL,LUCY,24
GIRL,LUELLA,1
GIRL,LUISA,3
GIRL,LULA,1
GIRL,LUNA,36
GIRL,LUNAH,1
GIRL,LUPITA,2
GIRL,LUTHIEN,1
GIRL,LUVV,1
GIRL,LUZ,2
GIRL,LUZIA,1
GIRL,LY,1
GIRL,LYANNA,2
GIRL,LYDIA,9
GIRL,LYLA,14
GIRL,LYLY,1
GIRL,LYNDSIE,1
GIRL,LYNETTE,1
GIRL,LYNNLEIGH,1
GIRL,LYRA,3
GIRL,LYRIC,3
GIRL,LYRICAH,1
GIRL,LYRICAL,1
GIRL,LYRIK,1
GIRL,MAAIRA,1
GIRL,MABEL,12
GIRL,MABRY,3
GIRL,MACI,3
GIRL,MACKENZIE,9
GIRL,MACLAINE,1
GIRL,MACY,2
GIRL,MACYN,1
GIRL,MADALYN,2
GIRL,MADDELYN,1
GIRL,MADDISON,2
GIRL,MADDYN,1
GIRL,MADELEINE,6
GIRL,MADELEYN,1
GIRL,MADELIN,1
GIRL,MADELINE,20
GIRL,MADELLINE,1
GIRL,MADELYN,12
GIRL,MADELYNN,4
GIRL,MADILYN,2
GIRL,MADILYNN,3
GIRL,MADISON,40
GIRL,MADISYN,1
GIRL,MAE,4
GIRL,MAEKENZIE,1
GIRL,MAELEEN,1
GIRL,MAEVE,10
GIRL,MAEVIS,1
GIRL,MAGALY,1
GIRL,MAGDALENA,4
GIRL,MAGDALENE,1
GIRL,MAGGIE,8
GIRL,MAGNOLIA,6
GIRL,MAHATHI,1
GIRL,MAHAYLA,2
GIRL,MAHDIYYAH,1
GIRL,MAHIN,1
GIRL,MAHIRA,1
GIRL,MAIA,5
GIRL,MAILA,1
GIRL,MAILAH,1
GIRL,MAILIN,1
GIRL,MAILYN,2
GIRL,MAIRA,1
GIRL,MAISIE,4
GIRL,MAISY,1
GIRL,MAISYN,2
GIRL,MAITE,5
GIRL,MAITREYI,1
GIRL,MAITRI,1
GIRL,MAIYA,1
GIRL,MAJA,1
GIRL,MAKAYLA,6
GIRL,MAKAYLAH,2
GIRL,MA'KAYLAH,1
GIRL,MAKENNA,5
GIRL,MAKENZI,1
GIRL,MAKENZIE,2
GIRL,MAKI,1
GIRL,MAKYLA,1
GIRL,MALAKYAH,1
GIRL,MALANI,1
GIRL,MALAYA,1
GIRL,MA'LAYAH,1
GIRL,MALAYSIA,2
GIRL,MALBINA,1
GIRL,MALEAH,5
GIRL,MALIA,3
GIRL,MALIKA,1
GIRL,MALINA,1
GIRL,MALINI,1
GIRL,MALIYA,2
GIRL,MALIYAH,2
GIRL,MALLORY,2
GIRL,MALORIE,1
GIRL,MALU,1
GIRL,MALYIAH,1
GIRL,MANASVI,1
GIRL,MANHA,1
GIRL,MANVI,1
GIRL,MANYU,1
GIRL,MAPLE,1
GIRL,MARA,2
GIRL,MARABELLA,1
GIRL,MARBELLA,2
GIRL,MARCAIL,1
GIRL,MARCELA,2
GIRL,MARCELINE,2
GIRL,MARCELLA,1
GIRL,MARCELLY,1
GIRL,MARCY,1
GIRL,MARELI,1
GIRL,MARELY,1
GIRL,MAREN,1
GIRL,MARGARET,17
GIRL,MARGERY,1
GIRL,MARGO,1
GIRL,MARGOT,11
GIRL,MARIA,17
GIRL,MARIA JOSE,1
GIRL,MARIAH,5
GIRL,MARIALY,1
GIRL,MARIAN,3
GIRL,MARIANA,3
GIRL,MARIANNA,1
GIRL,MARIANNE,1
GIRL,MARIAPAZ,1
GIRL,MARICELA,1
GIRL,MARICELA ISABEL,1
GIRL,MARICELLA,1
GIRL,MARIE,2
GIRL,MARIEANY,1
GIRL,MARIEL,1
GIRL,MARIELA,1
GIRL,MARIELLA,1
GIRL,MARIELLE,2
GIRL,MARIELY,1
GIRL,MARIETTA,1
GIRL,MARIGOLD,2
GIRL,MARILOLY,1
GIRL,NIOMI,1
GIRL,MARILUZ,1
GIRL,MARILY,2
GIRL,MARILYN,5
GIRL,MARIN,2
GIRL,MARINA,1
GIRL,MARION,3
GIRL,MARISELA,1
GIRL,MARISOL,5
GIRL,MARISSA,2
GIRL,MARITA,1
GIRL,MARIYAH,1
GIRL,MARIYAM,2
GIRL,MARKAN,1
GIRL,MARKONJAY,1
GIRL,MARLEEN,2
GIRL,MARLEIGH,1
GIRL,MARLENE,1
GIRL,MARLEY,8
GIRL,MARLI,1
GIRL,MARLIE,1
GIRL,MARLOW,2
GIRL,MARLOWE,4
GIRL,MARLY,2
GIRL,MARNIE,1
GIRL,MARRIE'KAE,1
GIRL,MARTHA,1
GIRL,MARTHA NIANG,1
GIRL,MARTINA,1
GIRL,MARY,11
GIRL,MARY JANE,1
GIRL,MARYAH,1
GIRL,MARYAM,4
GIRL,MARYANN,1
GIRL,MARYANNE,1
GIRL,MARYCARMEN,1
GIRL,MARY-ELYANA,1
GIRL,MARYJANE,3
GIRL,MARYLY,1
GIRL,MASHA,1
GIRL,MASOOMA,1
GIRL,MATILDA,4
GIRL,MATTEO,1
GIRL,MATTIE,1
GIRL,MAUZIE,1
GIRL,MAVIS,2
GIRL,MAXINE,2
GIRL,MAY,1
GIRL,MAYA,17
GIRL,MAYAH,1
GIRL,MAYAN,1
GIRL,MAYANKA,1
GIRL,MAYELI,1
GIRL,MAYLANI,1
GIRL,MAYLEE,3
GIRL,MAYLIN,2
GIRL,MAYRA,1
GIRL,MAYRANI,1
GIRL,MAYSIE,1
GIRL,OPAL,3
GIRL,MAYSON,1
GIRL,MAYTTE,1
GIRL,MAZY,1
GIRL,MCKENNA,2
GIRL,MCKENZIE,3
GIRL,MCKINLEE,1
GIRL,MCKINLEY,4
GIRL,MEADOW,4
GIRL,MEAGAN,1
GIRL,MEDHA,1
GIRL,MEELAH,1
GIRL,MEENAKSHI,1
GIRL,MEERA,1
GIRL,MEGAN,2
GIRL,MEGHANA,1
GIRL,MEILANIA,1
GIRL,MEIRADIKI,1
GIRL,MEI-SHIUNG,1
GIRL,MEKLITE,1
GIRL,MELADIE,1
GIRL,MELANI,1
GIRL,MELANIA,2
GIRL,MELANIE,17
GIRL,MELANNIE,1
GIRL,MELANY,4
GIRL,MELINA,4
GIRL,MELINAH,1
GIRL,MELINDA,1
GIRL,MELISSA,5
GIRL,MELITTA,1
GIRL,MELODI,1
GIRL,MELODY,11
GIRL,MENA,1
GIRL,MERARI,1
GIRL,MERCY,1
GIRL,MEREDITH,4
GIRL,MERIA,1
GIRL,MERIDA,1
GIRL,MERIGOLD-BEA,1
GIRL,MERIT,1
GIRL,MERONA,1
GIRL,MERRICK,1
GIRL,MERRIT,1
GIRL,MERRITT,2
GIRL,MERRIWEATHER,1
GIRL,MERYL,1
GIRL,METASEBIA,1
GIRL,MEYRILIN,1
GIRL,MEYRIN,1
GIRL,MIA,81
GIRL,MIA ISABELLA,1
GIRL,MIA RENATA,1
GIRL,MIA YARETZI,1
GIRL,MIABELLA,1
GIRL,MIAH,1
GIRL,MICAELA,3
GIRL,MICAH,4
GIRL,MICHAEL,1
GIRL,MI'CHAEL,1
GIRL,MICHAELA,3
GIRL,MICHELLE,10
GIRL,MIELA,1
GIRL,MIESHA GIN,1
GIRL,MIHIRA,1
GIRL,MIKA,2
GIRL,MIKAELA,3
GIRL,MI'KAELA,1
GIRL,MIKAELLA,1
GIRL,MIKAH,1
GIRL,MIKAYELA,1
GIRL,MIKAYLAH,1
GIRL,MIKENZIE,1
GIRL,MI'KLEY,1
GIRL,MILA,30
GIRL,MILAGRO,1
GIRL,MILAGROS,3
GIRL,MILAH,3
GIRL,MILAN,1
GIRL,MILANA,1
GIRL,MILANI,4
GIRL,MILANIA,2
GIRL,MILENA,1
GIRL,MILLER,1
GIRL,MILLICENT,1
GIRL,MILLIE,4
GIRL,MILLIONI,1
GIRL,MILLY,1
GIRL,MINA,4
GIRL,MINA SCARLET,1
GIRL,MINDY,1
GIRL,MINERVA,1
GIRL,MINH-THU,1
GIRL,MINNIE,1
GIRL,MIRA,6
GIRL,MIRABEL,1
GIRL,MIRABELLE,1
GIRL,MIRACLE,3
GIRL,MIRAE,1
GIRL,MIRANDA,8
GIRL,MIRIAM,1
GIRL,MIRIAN,1
GIRL,MIROSLAVA,1
GIRL,MIRTHIKA,1
GIRL,MIRVAT,1
GIRL,MISCHA,1
GIRL,MISHKA,2
GIRL,MISK,1
GIRL,MISTY,2
GIRL,MITCHLIANY,1
GIRL,MITHRA,1
GIRL,MIYA,1
GIRL,MOCHA,1
GIRL,MOHAMMADI,1
GIRL,MOKSHASRI,1
GIRL,MOLLY,9
GIRL,MONA,1
GIRL,MONA SKYLA,1
GIRL,MONET,1
GIRL,MONICA,5
GIRL,MONIQUE,1
GIRL,MONROE,3
GIRL,MONSERRAT,4
GIRL,MONSERRATH,2
GIRL,MONTSERRAT,6
GIRL,MONZERRAT,2
GIRL,MOON,3
GIRL,MORGAN,7
GIRL,MUKTHA SREE,1
GIRL,MULAN,1
GIRL,MURPHY,1
GIRL,MUSKA,1
GIRL,MUTHONI,1
GIRL,MYA,4
GIRL,MYAH,1
GIRL,MYASIA,1
GIRL,MYKA,1
GIRL,MYKAYLA,1
GIRL,MY'KAYLAH,1
GIRL,MYLA,2
GIRL,MYLAH,1
GIRL,MYLENE,1
GIRL,MYLYNN,1
GIRL,MYRA,5
GIRL,MYRICLE,2
GIRL,NAAVA,1
GIRL,NADELYNN,1
GIRL,NADIA,6
GIRL,NADIYA,1
GIRL,NAFISA,1
GIRL,NAHIA,1
GIRL,NAHLA,2
GIRL,NAHOMY,1
GIRL,NAIA,2
GIRL,NAILAH,2
GIRL,NAIMA,1
GIRL,NAIMAH,1
GIRL,NAINA,1
GIRL,NAIOMI,1
GIRL,NAIRA,1
GIRL,NAISHA,1
GIRL,NAIVI,1
GIRL,NAJA,1
GIRL,NALANI,1
GIRL,NAMI LEE,1
GIRL,NANCY,2
GIRL,NAOMI,17
GIRL,NARAYANA,1
GIRL,NARIAH,1
GIRL,NASREEN,1
GIRL,NASTASHA,1
GIRL,NATALEE,1
GIRL,NATALI,1
GIRL,NATALIA,22
GIRL,NATALIE,28
GIRL,NATALY,3
GIRL,NATALYA,1
GIRL,NATASIA,1
GIRL,NATHALI,1
GIRL,NATHALIA,6
GIRL,NATHALIE,3
GIRL,NATHALY,1
GIRL,NAVA,1
GIRL,NAVAEH,1
GIRL,NAVEAH,2
GIRL,NAVY,3
GIRL,NAVYA,3
GIRL,NAYA,4
GIRL,NAYDALEE,1
GIRL,NAYDELINE,1
GIRL,NAYELI,8
GIRL,NAYELIE,1
GIRL,NAYELY,1
GIRL,NAYLA,1
GIRL,NAYOMI,1
GIRL,NAYRA,1
GIRL,NAYSA,1
GIRL,NAZLI,1
GIRL,NA'ZYIA,1
GIRL,NEA,1
GIRL,NE'AHMYIAH,1
GIRL,NEELA,1
GIRL,NEELUFAR,1
GIRL,NEELY,1
GIRL,NEENAH,1
GIRL,NEFERTARY,1
GIRL,NEHMAYA,1
GIRL,NEKO,1
GIRL,NELDA,1
GIRL,NELLY,1
GIRL,NELSON,1
GIRL,NEPTUNE,1
GIRL,NERY,1
GIRL,NETTIE,1
GIRL,NEVAEH,14
GIRL,NEVAEHA,1
GIRL,NEVEAH,3
GIRL,NGUM,1
GIRL,NHI,1
GIRL,NIA,2
GIRL,NIAYESH,1
GIRL,NICHOLE,1
GIRL,NICO,2
GIRL,NICOLE,9
GIRL,NICOLETTE,1
GIRL,NICOLLE,2
GIRL,NIHARIKA,2
GIRL,NIHIRA,1
GIRL,NIKE ALESSANDRA,1
GIRL,NIKHITA,1
GIRL,NIKKI,1
GIRL,NILUFER,1
GIRL,NIMALI,1
GIRL,NIMERAH,1
GIRL,NINA,3
GIRL,NINCYE,1
GIRL,NINOSKA,1
GIRL,NIRALI,1
GIRL,NITYA,1
GIRL,NIVA,2
GIRL,NIYA,4
GIRL,NIYADHI,1
GIRL,NIYAH,1
GIRL,NOA,4
GIRL,NOAH,2
GIRL,NOAMY,1
GIRL,NOBELINA,1
GIRL,NOELIA,3
GIRL,NOELLE,6
GIRL,NOEMI,2
GIRL,NOEMY,2
GIRL,NOHEMI,1
GIRL,NOLINA,1
GIRL,NOOR,1
GIRL,NOORA,1
GIRL,NORA,19
GIRL,NORAH,11
GIRL,NORI,1
GIRL,NORIAH,1
GIRL,NORIANA,1
GIRL,NOUR,1
GIRL,NOURA,2
GIRL,NOVA,16
GIRL,NOVALEE,2
GIRL,NUANI,1
GIRL,NURA,1
GIRL,NYAH,1
GIRL,NYENTY,1
GIRL,NYILAYAH,1
GIRL,NYINX,1
GIRL,NYLA,10
GIRL,NYLAH,2
GIRL,OAKLEY,1
GIRL,OAKLIE,1
GIRL,OCTAVIA,1
GIRL,ODA,1
GIRL,ODALYS,2
GIRL,ODIA,1
GIRL,OFELIA,1
GIRL,OLAMAIE,1
GIRL,OLIMPIA,1
GIRL,OLINA,1
GIRL,OLIVE,14
GIRL,OLIVIA,84
GIRL,OLLIANA,1
GIRL,OLLIE,1
GIRL,OLUOMACHUKWU,1
GIRL,OLYMPIA,1
GIRL,OLYVIA,1
GIRL,OMAI,1
GIRL,OMOTORE,1
GIRL,OMUNIQUE,1
GIRL,ONA,1
GIRL,ONDINE,1
GIRL,ONYX,1
GIRL,OONAGH,1
GIRL,OONIE,1
GIRL,OPHELIA,5
GIRL,ORCHID,1
GIRL,OREE,1
GIRL,ORION,1
GIRL,ORLEE,1
GIRL,OTTILIE,1
GIRL,OWEN,1
GIRL,OWYNN,1
GIRL,PAAVI,1
GIRL,PAIGE,10
GIRL,PAILEIGH,1
GIRL,PAISLEE,1
GIRL,PAISLEY,10
GIRL,PAIZLEY,1
GIRL,PALMER,1
GIRL,PALOMA,2
GIRL,PAMELA,3
GIRL,PAOLA,6
GIRL,PARIDHI,1
GIRL,PARIS,3
GIRL,PARKER,7
GIRL,PATRICIA,2
GIRL,PATUM,1
GIRL,PAULA,3
GIRL,PAULINA,2
GIRL,PAYTON,4
GIRL,PEARL,6
GIRL,PEGGY,1
GIRL,PEIGHTON,1
GIRL,PENELOPE,51
GIRL,PENLEY,1
GIRL,PENNEY,1
GIRL,PENNY,2
GIRL,PEPPER,2
GIRL,PERLA,5
GIRL,PERRIE,1
GIRL,PERRY,1
GIRL,PERSEPHONE,3
GIRL,PERUDA,1
GIRL,PETRA,3
GIRL,PEYTON,8
GIRL,PHILOMENA,1
GIRL,PHOEBE,7
GIRL,PHOENIX,5
GIRL,PHOENYX,1
GIRL,PHUONG AN,1
GIRL,PIERCE,2
GIRL,PILAR,1
GIRL,PINA,1
GIRL,PIPER,12
GIRL,POLINA,1
GIRL,POPPY,5
GIRL,POSEY,1
GIRL,PRAANVI,1
GIRL,PRAJNA,1
GIRL,PRANITHI,1
GIRL,PRASIDDHI,1
GIRL,PRESELY,1
GIRL,PRESLEE,1
GIRL,PRESLEE-LOUISE,1
GIRL,PRESLEY,9
GIRL,PRIMROSE,1
GIRL,PRINCESS,3
GIRL,PRINCESS PLETHORA,1
GIRL,PRISCA,1
GIRL,PRISCILLA,5
GIRL,PRISHA,1
GIRL,PRIYA,2
GIRL,PRIYANKA,1
GIRL,PROMISE,1
GIRL,PRUDENCE,1
GIRL,PUSHTI,1
GIRL,PYNLIE-JEANE,1
GIRL,QI,1
GIRL,QIWEI,1
GIRL,QUEEN XZARIA,1
GIRL,QUINCEE,1
GIRL,QUINCEY,1
GIRL,QUINN,23
GIRL,QUINZEL,1
GIRL,RACHEL,4
GIRL,RAE,2
GIRL,RAEDEN,2
GIRL,RAEESHA,1
GIRL,RAEGAN,4
GIRL,RAELYN,3
GIRL,RAELYNN,4
GIRL,RAENA,1
GIRL,RAEVYN,1
GIRL,RAFEEF,1
GIRL,RAHI,1
GIRL,RAHNYIA,1
GIRL,RAIDEN,1
GIRL,RAIN,1
GIRL,RAINA,4
GIRL,RAINEY,3
GIRL,RALEIGH,1
GIRL,RAMONA,5
GIRL,RAMONI,1
GIRL,RAMSEY,1
GIRL,RANIYA,1
GIRL,RA'NIYAH,1
GIRL,RAQUELINA,1
GIRL,RAYNA,2
GIRL,RAYNE,1
GIRL,REAGAN,13
GIRL,REAGEN,1
GIRL,REAGHAN,1
GIRL,REALAN,1
GIRL,REBECA,2
GIRL,REBECCA,7
GIRL,REBEKAH,2
GIRL,REBEL,1
GIRL,REDDING,1
GIRL,REEANNA,1
GIRL,REESE,11
GIRL,REEVA,2
GIRL,REGINA,4
GIRL,REHANA,1
GIRL,REI,2
GIRL,REIANNA,1
GIRL,REIGHEIN,1
GIRL,REIGN,2
GIRL,REIGNA,1
GIRL,REILEIGH,1
GIRL,REILLY,2
GIRL,REINA,1
GIRL,REMAS,1
GIRL,REMI,3
GIRL,REMINGTON,2
GIRL,REMY,4
GIRL,REN,1
GIRL,RENAD,1
GIRL,RENATA,5
GIRL,RENATTA,1
GIRL,RENE,1
GIRL,RENEE,1
GIRL,RENESME,1
GIRL,RENESMEE,2
GIRL,RENEZMAE,1
GIRL,RENEZMEE,1
GIRL,RENNESME,1
GIRL,RETHANYA,1
GIRL,REVA,2
GIRL,REYA,1
GIRL,REYANSHI,1
GIRL,REYN,1
GIRL,REYNA,2
GIRL,REYNNA,1
GIRL,REYONA,1
GIRL,RHEA,1
GIRL,RHEMA,1
GIRL,RHEY,1
GIRL,RHIANNON,1
GIRL,RHYAN,1
GIRL,RHYLEE MAE,1
GIRL,RHYLIE,1
GIRL,RHYSSE,1
GIRL,RIA,1
GIRL,RIAN,1
GIRL,RIANA,1
GIRL,RICHA,1
GIRL,RIDDHI,1
GIRL,RIDHI,1
GIRL,RILEY,24
GIRL,RIPLEY,1
GIRL,RISHIKA,1
GIRL,RITI,1
GIRL,RIVER,7
GIRL,RIVKA,1
GIRL,RIVKAH,1
GIRL,RIYA,2
GIRL,ROBERTA,1
GIRL,ROBIN,3
GIRL,ROBYN,2
GIRL,ROCHELLYE,1
GIRL,ROCIO,1
GIRL,RODAS,1
GIRL,ROE,1
GIRL,ROMA SKANDA,1
GIRL,ROMINA,1
GIRL,ROMY,1
GIRL,ROONEY,1
GIRL,ROREY,1
GIRL,RORY,4
GIRL,ROSALIA,1
GIRL,ROSALIE,6
GIRL,ROSALINA,1
GIRL,ROSALIND,3
GIRL,ROSALINDA,1
GIRL,ROSALINE,1
GIRL,ROSALYN,2
GIRL,ROSAMUND,1
GIRL,ROSANA,1
GIRL,ROSE,14
GIRL,ROSELEIDI,1
GIRL,ROSELYN,2
GIRL,ROSELYNN,3
GIRL,ROSEMARY,2
GIRL,ROSHNEE,1
GIRL,ROSHNI,1
GIRL,ROSIE,1
GIRL,ROSITA,1
GIRL,ROSY,1
GIRL,ROUDINA,1
GIRL,ROWAN,11
GIRL,ROXANA,1
GIRL,ROXANNA,1
GIRL,ROXANNE,1
GIRL,ROXY,1
GIRL,ROYAL,1
GIRL,ROYALTY,1
GIRL,RUARI,1
GIRL,RUBI,1
GIRL,RUBIE,1
GIRL,RUBII,1
GIRL,RUBY,27
GIRL,RUFAIDA,1
GIRL,RUMI,3
GIRL,RUMINA,1
GIRL,RUQAYYA,1
GIRL,RUSHIKA,1
GIRL,RUTH,4
GIRL,RUTHIE,1
GIRL,RUTHILA,1
GIRL,RYAHN,1
GIRL,RYAN,8
GIRL,RYANE,1
GIRL,RYANN,3
GIRL,RYEN ISABELLA,1
GIRL,RYKER,1
GIRL,RYLEE,10
GIRL,RYLEIGH,5
GIRL,RYLEIGH-ANNE,1
GIRL,RYLEIGH-LYNN,1
GIRL,RYLEY,1
GIRL,RYLIE,1
GIRL,SAADHIKA,1
GIRL,SAANVI,4
GIRL,SAANVIKA,1
GIRL,SAARA,1
GIRL,SABINE,2
GIRL,SABRAH,1
GIRL,SABRINA,5
GIRL,SACHA,1
GIRL,SADDAT,1
GIRL,SADIE,18
GIRL,SAFIYA,1
GIRL,SAGE,7
GIRL,SAHANA,2
GIRL,SAHAR,1
GIRL,SAHASRA,1
GIRL,SAIDATOU,1
GIRL,SAIDY,1
GIRL,SAIGE,2
GIRL,SAILEM,1
GIRL,SAIMA,1
GIRL,SAIRA,1
GIRL,SAISHA,1
GIRL,SAKEENAH,1
GIRL,SAKINA,1
GIRL,SALEM,1
GIRL,SALENA,1
GIRL,SALLIE,1
GIRL,SALLY,1
GIRL,SALMA,2
GIRL,SALMAH,1
GIRL,SALOMEH,1
GIRL,SAM,1
GIRL,SAMA,1
GIRL,SAMAIRA,1
GIRL,SAMANTHA,33
GIRL,SAMANTHA  LAUREN,1
GIRL,SAMARA,5
GIRL,SA'MARIYAH,1
GIRL,SAMI,1
GIRL,SAMIIRA LAREINA,1
GIRL,SAMIRA,1
GIRL,SAMIYAH,1
GIRL,SAM-MANTHA,1
GIRL,SANA,1
GIRL,SANAA,1
GIRL,SANAH,1
GIRL,SANAIA,1
GIRL,SANAYA,2
GIRL,SANDRA,1
GIRL,SANDY,1
GIRL,SANIA,1
GIRL,SANIYAH,2
GIRL,SANTANA,2
GIRL,SANVIKA,1
GIRL,SANYA,1
GIRL,SAOIRSE,2
GIRL,SAPHIRA,1
GIRL,SAPPHIRA,1
GIRL,SARA,13
GIRL,SARA REDDY,1
GIRL,SARAH,26
GIRL,SARALEY,1
GIRL,SARAY,1
GIRL,SARAYU,1
GIRL,SARGUN,1
GIRL,SARIAH,1
GIRL,SA'RIAH,1
GIRL,SARIANA,1
GIRL,SARINA,1
GIRL,SARIYAH,1
GIRL,SARVIKA,1
GIRL,SASHA,4
GIRL,SATYA ASMI,1
GIRL,SATYASRI PRAJNA,1
GIRL,SAVANI,1
GIRL,SAVANNA,4
GIRL,SAVANNAH,24
GIRL,SAVANNAH-JANE,1
GIRL,SAVEAH,1
GIRL,SAVI,1
GIRL,SAVONA,1
GIRL,SAVVY,1
GIRL,SAWYER,6
GIRL,SAWYER GRACE,1
GIRL,SAYLER,1
GIRL,SAYLOR,7
GIRL,SCARLET,4
GIRL,SCARLETH,1
GIRL,SCARLETT,46
GIRL,SCEPTER,1
GIRL,SCOTTIE,1
GIRL,SCOUT,4
GIRL,SEDNA,1
GIRL,SEDONA,1
GIRL,SEIN,1
GIRL,SELAH,3
GIRL,SELENA,7
GIRL,SELENE,2
GIRL,SELENY,1
GIRL,SELINA,1
GIRL,SEMAJ,1
GIRL,SERAFINA,1
GIRL,SEREN,1
GIRL,SERENA,8
GIRL,SERENITY,12
GIRL,SEVANNA,1
GIRL,SEYNA,1
GIRL,SHAILJA,1
GIRL,SHAIRA,1
GIRL,SHALOM,1
GIRL,SHA'LYNN,1
GIRL,SHANAYA,3
GIRL,SHA'NAYIA,1
GIRL,SHANIA,1
GIRL,SHANKERI,1
GIRL,SHANNA,1
GIRL,SHANNON,1
GIRL,ZAIRE,1
GIRL,SHANVI,1
GIRL,SHANZE,1
GIRL,SHAR,1
GIRL,SHAURYAA,1
GIRL,SHAYLA,2
GIRL,SHAYNA,1
GIRL,SHAYNE,1
GIRL,SHEELI,1
GIRL,SHELBY,2
GIRL,SHERLYN,2
GIRL,SHEYLIN,1
GIRL,SHIANE,1
GIRL,SHILOH,6
GIRL,SHIPHRAH,1
GIRL,SHIRIN,1
GIRL,SHIRLEY,1
GIRL,SHIVANI,1
GIRL,SHRADDHA,1
GIRL,SHREENIKA,1
GIRL,SHREYA,1
GIRL,SHRIKA,1
GIRL,SHRINIKA,1
GIRL,SHRINITHI,1
GIRL,SHRIYA,1
GIRL,SHU-MANN,1
GIRL,SHUVA,1
GIRL,SIARA,1
GIRL,SIAYA,1
GIRL,SIENA,1
GIRL,SIENNA,9
GIRL,SIERRA,1
GIRL,SILOAM,1
GIRL,SILVANA,1
GIRL,SIMONE,9
GIRL,SIMRA,1
GIRL,SIMREET,1
GIRL,SINCERE,1
GIRL,SITARA,1
GIRL,SKYE,7
GIRL,SKYLA,2
GIRL,SKYLAH,1
GIRL,SKYLAR,12
GIRL,SKYLER,1
GIRL,SKYRAH,1
GIRL,SLOAN,5
GIRL,SLOANE,10
GIRL,SMAYA,2
GIRL,SOFIA,51
GIRL,SOFIE,1
GIRL,SOL,1
GIRL,SOLANA,1
GIRL,SOLEDAD,1
GIRL,SOLEIL,2
GIRL,SOLEMAR,1
GIRL,SONA,1
GIRL,SONJA,1
GIRL,SONJDRA,1
GIRL,SONORA,1
GIRL,SOPHIA,75
GIRL,SOPHIE,22
GIRL,SOPHYIAH,1
GIRL,SORANA,1
GIRL,SORAYA,1
GIRL,SOREN,1
GIRL,SOSENA,1
GIRL,SOTERA,1
GIRL,SPRING,1
GIRL,SRI CHARANI,1
GIRL,SRIKRUTHI,1
GIRL,SRIVAISHNAVI,1
GIRL,SRIYANI,1
GIRL,STACEY,1
GIRL,STACY,4
GIRL,STARLA,1
GIRL,STASSNEY,1
GIRL,STELLA,30
GIRL,STEPHANIE,6
GIRL,STEPHANY,2
GIRL,STERLING,2
GIRL,STEVIE,6
GIRL,STEVIE RAE,1
GIRL,STHEFANY,1
GIRL,STORIE,1
GIRL,STORM,1
GIRL,STORMY,2
GIRL,ST'VAIYAH,1
GIRL,SUHANA,1
GIRL,SULA,1
GIRL,SUMARAH,1
GIRL,SUMEYRA,1
GIRL,SUMMER,6
GIRL,SUMMER-RAIN,1
GIRL,SUNNY,3
GIRL,SURAYYA,1
GIRL,SUREYNAH,1
GIRL,SURI,1
GIRL,SUSAN,2
GIRL,SUSANNA,1
GIRL,SUTTON,1
GIRL,SUZANNE,1
GIRL,SWARA,4
GIRL,SYDNEY,11
GIRL,SYDNIE,1
GIRL,SYEDA,1
GIRL,SYLVI,1
GIRL,SYLVIA,1
GIRL,SYLVIE,3
GIRL,SYNEYA,1
GIRL,SYONA,1
GIRL,TAKSHVI,1
GIRL,TALEEN,1
GIRL,TALIA,8
GIRL,TALIYAH,1
GIRL,TALLAHASSEE,1
GIRL,TALLULAH,1
GIRL,TAMARA,2
GIRL,TAMMY,1
GIRL,TA'NAYAH,1
GIRL,TANDIA,1
GIRL,TANIA,1
GIRL,TANVI,1
GIRL,TANYA,3
GIRL,TANYA VICTORIA,1
GIRL,TARA,2
GIRL,TATIANA,3
GIRL,TATUM,3
GIRL,TA'VEAH,1
GIRL,TAYA,2
GIRL,TAYLOR,11
GIRL,TEAGAN,10
GIRL,TEANNA,1
GIRL,TEDDIE,1
GIRL,TERESA,2
GIRL,TERI,1
GIRL,TERRALANI,1
GIRL,TERRALYNN,1
GIRL,TERRI,1
GIRL,TERRYANN,1
GIRL,TERRYN,1
GIRL,TESS,4
GIRL,TESSA,6
GIRL,THAELIA,1
GIRL,THAIS,1
GIRL,THALIA,2
GIRL,THEA,5
GIRL,THEODORA,3
GIRL,THERESA,2
GIRL,THORA,1
GIRL,THRINAINA,1
GIRL,TIA,1
GIRL,TIANA,1
GIRL,TIARA,1
GIRL,TIARAOLUWA,1
GIRL,TIERRA,1
GIRL,TIFFANY,4
GIRL,TIGER,1
GIRL,TILLIE,1
GIRL,TILLY,2
GIRL,TINA,1
GIRL,TINNLEY,1
GIRL,TINSLEY,1
GIRL,TIOLUWALASE,1
GIRL,TISHA,1
GIRL,TORI,2
GIRL,TORIN,1
GIRL,TORRE,1
GIRL,TOVA,2
GIRL,TOWNES,1
GIRL,TRACY,1
GIRL,TREAJURE,1
GIRL,TRINITY,7
GIRL,TRISHA,2
GIRL,TRISHIKA,1
GIRL,TROOPER,1
GIRL,TRULY,1
GIRL,TSUMUGI,1
GIRL,TUCKER,1
GIRL,TYMBER,1
GIRL,TYONEI,1
GIRL,TYRESA,1
GIRL,TY'RIYAH,1
GIRL,ULYSSA,1
GIRL,UMA,1
GIRL,UMAIZA,1
GIRL,UMUTONI,1
GIRL,UNIQUE,1
GIRL,URIEL,1
GIRL,USANIE,1
GIRL,UYEN,1
GIRL,VAANATHI,1
GIRL,VAANYA,1
GIRL,VADA,2
GIRL,VAIGA,1
GIRL,VALA,1
GIRL,VALANNI,1
GIRL,VALENCIA,1
GIRL,VALENTINA,15
GIRL,VALENTINE,1
GIRL,VALERIA,14
GIRL,VALERIE,6
GIRL,VALERY,1
GIRL,VANESSA,13
GIRL,VANNA,1
GIRL,VANSHIKA,1
GIRL,VEDA,1
GIRL,VEDANSHI,1
GIRL,VEERA,1
GIRL,VELA,1
GIRL,VELIA,1
GIRL,VELLA,2
GIRL,VENETA,1
GIRL,VERA,8
GIRL,VERENICE,1
GIRL,VERITY,1
GIRL,VERONICA,7
GIRL,VESPER,1
GIRL,VIANA,1
GIRL,VIANELY,1
GIRL,VIANEY,1
GIRL,VIANNEY,1
GIRL,VICTORIA,38
GIRL,VICTORY,1
GIRL,VIDA,2
GIRL,VIDHI PRAVIN,1
GIRL,VIENNA,1
GIRL,VIOLET,18
GIRL,VIOLETTA,1
GIRL,VIRA,1
GIRL,VIRGINIA,6
GIRL,VIRJINIA,1
GIRL,VISHAKHA,1
GIRL,VIVIA,1
GIRL,VIVIAN,22
GIRL,VIVIANA,4
GIRL,VIVIANNA,1
GIRL,VIVIENNE,9
GIRL,VIVYENNE,1
GIRL,VIYANA,1
GIRL,VOYAE',1
GIRL,VYGA,1
GIRL,VYOLETTA,1
GIRL,WALKER,1
GIRL,WAN-XUAN,1
GIRL,WARNER,1
GIRL,WARREN,1
GIRL,WASEELA,1
GIRL,WAVERLY,3
GIRL,WAYLYNN,1
GIRL,WEDNESDAY,2
GIRL,WENDY,1
GIRL,WENGIEL,1
GIRL,WENONA,1
GIRL,WESLEY,2
GIRL,WESTON,2
GIRL,WHITLEE,1
GIRL,WHITLEY,1
GIRL,WID,1
GIRL,WILEY,1
GIRL,WILHELMINA,1
GIRL,WILLA,6
GIRL,WILLOW,11
GIRL,WIN,1
GIRL,WINIFRED,1
GIRL,WINNIE,2
GIRL,WINSLOW,1
GIRL,WINTER,1
GIRL,WREN,5
GIRL,WRIGLEY,1
GIRL,WYATT,1
GIRL,WYNNE,1
GIRL,WYNTER,2
GIRL,XARENI,1
GIRL,XARIYAH,1
GIRL,XENA,1
GIRL,XIMENA,28
GIRL,XIOMARA,2
GIRL,XITLALY,1
GIRL,XOCHITL,1
GIRL,XOE,1
GIRL,XOEIGH,1
GIRL,XOEY,1
GIRL,XOIE,1
GIRL,XYLA,1
GIRL,XYZLA,1
GIRL,YAAHVI,1
GIRL,YADETHZY,1
GIRL,YADEXI,1
GIRL,YAHAIRA,1
GIRL,YAHRECZLY,1
GIRL,YAHVI,1
GIRL,YAILYN,1
GIRL,YAIZA,1
GIRL,YALAINNA,1
GIRL,YALINI,1
GIRL,YAMILETH,4
GIRL,YAMILEX,1
GIRL,YANCY,1
GIRL,YANELI,3
GIRL,YANELLY,1
GIRL,YARA,2
GIRL,YARELI,6
GIRL,YARELSI,1
GIRL,YARELY,2
GIRL,YARETZI,2
GIRL,YARETZY,2
GIRL,YARITZEL,1
GIRL,YARITZY,1
GIRL,YAROSLAVA,1
GIRL,YASHVI,1
GIRL,YASLIN,1
GIRL,YASLINE,1
GIRL,YASMIN,2
GIRL,YATZIL,1
GIRL,YATZIRI,1
GIRL,YAZ,1
GIRL,YAZMIN,3
GIRL,YEMAYA,1
GIRL,YESENIA,1
GIRL,YESHIA,1
GIRL,YETZALI,1
GIRL,YIREH,1
GIRL,YISLEIDYS,1
GIRL,YITZEL,1
GIRL,YNAFETS,1
GIRL,YOELI,1
GIRL,YOHANA,1
GIRL,YOHANNA,1
GIRL,YOHEVETH,1
GIRL,YOSABEL,1
GIRL,YOSAN,1
GIRL,YOSELIN,1
GIRL,YOUYOU,1
GIRL,YSABELLA,1
GIRL,YUA,1
GIRL,YUKI,1
GIRL,YULEIMY,1
GIRL,YULETZY,1
GIRL,YULIANA,4
GIRL,YULIETTE,1
GIRL,YULISSA,2
GIRL,YUMNA,1
GIRL,YUNI,1
GIRL,YUNUEN,1
GIRL,YURA,1
GIRL,YURI,1
GIRL,YVETTE,1
GIRL,YVONNE,3
GIRL,ZAEVIANNA,1
GIRL,ZA'HARA,1
GIRL,ZAHRA,2
GIRL,ZAINA,2
GIRL,ZAINAB,3
GIRL,ZAIRA,1
GIRL,ZAIRA-ZAMORA,1
GIRL,ZAIYA,1
GIRL,ZALITA,1
GIRL,ZALIYAH,1
GIRL,ZALIYLAH,1
GIRL,ZAMAYA,1
GIRL,ZA'MIA,1
GIRL,ZANA,1
GIRL,ZANE,1
GIRL,ZANIYAH,1
GIRL,ZA'NOVIA,1
GIRL,ZANYJHA,1
GIRL,ZARA,7
GIRL,ZARAH,1
GIRL,ZARAI,1
GIRL,ZARI,1
GIRL,ZARIAH,4
GIRL,ZARIYAH,1
GIRL,ZARMINA,1
GIRL,ZAYA,2
GIRL,ZAYD,1
GIRL,ZAYNAB,1
GIRL,ZAYRA,1
GIRL,ZEA,1
GIRL,ZEINA,1
GIRL,ZELDA,2
GIRL,ZELIE,1
GIRL,ZELLA,1
GIRL,ZEMIRA,1
GIRL,ZENALAH,1
GIRL,ZENAYDA,1
GIRL,ZENDAYAH,1
GIRL,ZENIA,1
GIRL,ZENLEY,1
GIRL,ZENOBIA,2
GIRL,ZENOVA,1
GIRL,ZEYNAH,1
GIRL,ZEYNETH,1
GIRL,ZHENE,1
GIRL,ZIA,2
GIRL,ZIEGLIND,1
GIRL,ZIESHA,1
GIRL,ZINA,1
GIRL,ZINNIA,1
GIRL,ZIRA,1
GIRL,ZITA,1
GIRL,ZIVA,1
GIRL,ZIYAH,1
GIRL,ZOE,43
GIRL,ZOEE,1
GIRL,ZOELLA,1
GIRL,ZOELLE,1
GIRL,ZOEY,23
GIRL,ZOILA,1
GIRL,ZOLA,1
GIRL,ZOPHIA,2
GIRL,ZORA,1
GIRL,ZORIAH,1
GIRL,ZORIANA,1
GIRL,ZORIYA,1
GIRL,ZOYA,3
GIRL,ZULAII,1
GIRL,ZULY,1
GIRL,ZURI,5
GIRL,ZYA,1
GIRL,ZYNDALIA,1
GIRL,ZYNDAYA,1
GIRL,ZYRA,2
GIRL,ZYVA,1
BOY,AADHAV,1
BOY,AADIT,1
BOY,AADITH,1
BOY,AADYA,1
BOY,AAHREN,1
BOY,AAIDYN,1
BOY,AANUEL,1
BOY,AARAV,12
BOY,AARAV  NANDAN,1
BOY,AARIT,1
BOY,AARIV,2
BOY,AARMUND,1
BOY,AARON,49
BOY,AARON-JAHMIR,1
BOY,AARUSH,3
BOY,AASIM,1
BOY,ABASEEN,1
BOY,ABD ARRAQEEB,1
BOY,ABDALLA,1
BOY,ABDEL-RAHMAN,1
BOY,ABDI,1
BOY,ABDIEL,1
BOY,ABDIRAHMAAN,1
BOY,ABDUL,1
BOY,ABDULLAH,2
BOY,ABEL,10
BOY,ABENEZER,1
BOY,ABHAY,2
BOY,ABHIMANYU,1
BOY,ABHINAV,2
BOY,ABIA,1
BOY,ABINAB,1
BOY,ABIR,1
BOY,ABISAI,1
BOY,ABISHAI,1
BOY,ABNER,1
BOY,ABRAHAM,17
BOY,ABRAM,1
BOY,ABU BAKR,1
BOY,ABY,1
BOY,ACE,9
BOY,ACER,1
BOY,ACESON,1
BOY,ACEYN,1
BOY,ADAM,23
BOY,ADAN,8
BOY,ADDISON,1
BOY,ADEN,2
BOY,ADHVIK,3
BOY,ADHVIK REDDY,1
BOY,ADI,1
BOY,ADIAN,2
BOY,ADIBULLAH,1
BOY,ADIEL,5
BOY,ADIN,1
BOY,ADITHYA,2
BOY,ADITYA,2
BOY,ADLER,2
BOY,ADONIS,6
BOY,ADRIAN,40
BOY,A'DRICK,1
BOY,ADRIEL,9
BOY,ADRIEN,1
BOY,ADRYAN,1
BOY,ADVAIT,1
BOY,ADVIK,3
BOY,ADVIT,2
BOY,ADVITH,1
BOY,AEDAN,2
BOY,AGAPITO,1
BOY,AGASTYA,2
BOY,AGUSTIN,2
BOY,AHAAN,3
BOY,AHANYAN,1
BOY,AH'KEEM,1
BOY,AHMAD,2
BOY,AHMADWALID,1
BOY,AHMED,5
BOY,AHMIR,2
BOY,AHMON,1
BOY,AIBEL,1
BOY,AIDAN,7
BOY,AIDAN-OSHAE,1
BOY,AIDEN,59
BOY,AIELO,1
BOY,AILAN,2
BOY,AILUN,1
BOY,AISTON PHILLIP,1
BOY,AIZEN,1
BOY,AJANI,1
BOY,AJAY,1
BOY,AKANO,1
BOY,AKASH,1
BOY,AKSHAJ,1
BOY,AKSHAY,2
BOY,AKSIL,1
BOY,ALADINO,1
BOY,ALAN,29
BOY,ALANN,1
BOY,ALBAN,1
BOY,ALBERT,4
BOY,ALBERTO,6
BOY,ALBUS,1
BOY,ALDAIR,1
BOY,ALDEN,3
BOY,ALDO,4
BOY,ALDRICH ANTHONY,1
BOY,ALDRIN,1
BOY,ALEC,6
BOY,ALECC,1
BOY,ALEJANDRO,20
BOY,ALEK,2
BOY,ALEN,1
BOY,A'LERON,1
BOY,ALESSANDRO,1
BOY,ALEX,7
BOY,ALEX RAFAEL,1
BOY,ALEXANDER,73
BOY,ALEXANDRE,1
BOY,ALEXANDRO,1
BOY,ALEXIS,6
BOY,ALFAAZ,1
BOY,ALFONSO,4
BOY,ALFORD,1
BOY,ALFRED,5
BOY,ALFREDO,3
BOY,ALI,3
BOY,ALI REZA,1
BOY,ALIJAH,5
BOY,ALIK,1
BOY,ALI-SAMAD,1
BOY,ALISTAIR,2
BOY,ALIYYUN,1
BOY,ALLAN,2
BOY,ALLEN,3
BOY,ALLISTER,1
BOY,ALLON,1
BOY,ALONSO,1
BOY,ALONZO,1
BOY,ALP,1
BOY,ALPHA,1
BOY,ALREK,1
BOY,ALSTON,1
BOY,ALTON,1
BOY,ALVA,1
BOY,ALVARO,1
BOY,AMADORE,1
BOY,AMAHRI,1
BOY,AMAN,1
BOY,AMAR,2
BOY,AMARI,4
BOY,AMAURY,1
BOY,AMAZIAH,1
BOY,AMEEN,1
BOY,AMES,2
BOY,AMILEO,1
BOY,AMIR,6
BOY,AMMAR,1
BOY,AMOREE',1
BOY,AMORY,1
BOY,AMOS,4
BOY,AMPELIO,1
BOY,AMRAJ,1
BOY,AMRO,1
BOY,AMROU,1
BOY,ANAKIN,1
BOY,ANAND,1
BOY,ANANIAS,1
BOY,ANARIS,1
BOY,ANASTASIS,1
BOY,ANATOLIO,1
BOY,ANAY,1
BOY,ANDER,1
BOY,ANDERSON,15
BOY,ANDONI,1
BOY,ANDRE,7
BOY,ANDREI,1
BOY,ANDRES,16
BOY,ANDREW,42
BOY,ANDY,3
BOY,ANERES,1
BOY,ANGAD,1
BOY,ANGEL,29
BOY,ANGELO,5
BOY,ANGUS,1
BOY,ANIBAL,1
BOY,ANIKIN,1
BOY,ANIRUD,1
BOY,ANMESH,1
BOY,ANMOL,1
BOY,ANOUAR,1
BOY,ANSEL,2
BOY,ANSH,1
BOY,ANSON,3
BOY,ANTHONY,61
BOY,ANTON,2
BOY,ANTONIO,11
BOY,ANUEL,1
BOY,ANUJ,1
BOY,APHEK,1
BOY,APOLLO,5
BOY,AQUILES,1
BOY,ARAD,1
BOY,ARATH,1
BOY,ARCHER,12
BOY,ARCHIBALD,1
BOY,ARCHIE,1
BOY,ARES,1
BOY,ARHAM,3
BOY,ARI,9
BOY,ARIA,1
BOY,ARIAN,1
BOY,ARICK,1
BOY,ARIEL,4
BOY,ARIES,1
BOY,ARIN,1
BOY,ARISTON,1
BOY,ARIUS,1
BOY,ARIV,1
BOY,ARIYEL,1
BOY,ARJUN,7
BOY,ARLES,1
BOY,ARLEY,1
BOY,ARLO,12
BOY,ARLY,1
BOY,ARMAAN,1
BOY,ARMAN,1
BOY,ARMANDO,9
BOY,ARMANI,4
BOY,ARNOLD,2
BOY,ARON,2
BOY,ARRINGTON,1
BOY,ARROW,1
BOY,ARTHUR,10
BOY,ARTORIAS,1
BOY,ARTURO,3
BOY,ARVIND,2
BOY,ARY,1
BOY,ARYA,2
BOY,ARYAN,2
BOY,ARYAVEER,1
BOY,ARZAAN,2
BOY,ASA,7
BOY,ASA CASSIEL,1
BOY,ASAIAH,2
BOY,ASENCION,1
BOY,ASH,3
BOY,ASHER,39
BOY,ASHER-SHILOH,1
BOY,ASHISH,1
BOY,ASHRITH,1
BOY,ASHTIN,1
BOY,ASHTON,12
BOY,ASHTON ALCHIMIST,1
BOY,ASIEL,1
BOY,ASLAN,1
BOY,ASSER,1
BOY,ASTALA,1
BOY,ASTOR,1
BOY,ATHAN,1
BOY,ATHARV,2
BOY,ATHUL,1
BOY,ATLAS,6
BOY,ATLEY,1
BOY,ATREYU,1
BOY,ATTICUS,5
BOY,ATTLEY,1
BOY,ATZEL,1
BOY,AUBREY,1
BOY,AUGUST,22
BOY,AUGUSTINE,2
BOY,AUGUSTO,1
BOY,AUGUSTUS,7
BOY,AURANGZEB,1
BOY,AURELIO,1
BOY,AURON,1
BOY,AUSTIN,21
BOY,AUXENCE,1
BOY,AVAN,2
BOY,AVERY,3
BOY,AVI,1
BOY,AVONDRAE,1
BOY,AVYAAN,3
BOY,AVYAY,1
BOY,AVYUKT,1
BOY,AVYUKTH,3
BOY,AXAVIER,1
BOY,AXCEL,1
BOY,AXEL,40
BOY,AXL,1
BOY,AXTEN,1
BOY,AXTON,1
BOY,AYAAN,2
BOY,AYAN,4
BOY,AYDEN,15
BOY,AYDIN,1
BOY,AYLAN,2
BOY,AYMAN,1
BOY,AYODOLA,1
BOY,AYUSH,1
BOY,AZA,1
BOY,AZARIAH,1
BOY,AZARIAS,1
BOY,AZEKIEL,1
BOY,AZGARD,1
BOY,AZIL,1
BOY,AZLAN,1
BOY,AZRAEL,1
BOY,AZRIEL,2
BOY,BACILISO,1
BOY,BADER,1
BOY,BAHAUDDIN,1
BOY,BAIN,1
BOY,BAKER,1
BOY,BALDWIN,1
BOY,BALTAZAR,1
BOY,BANE,1
BOY,BANKS,1
BOY,BANNON,1
BOY,BARIN,1
BOY,BARON,1
BOY,BARRETT,11
BOY,BARRY,1
BOY,BASEM,1
BOY,BASIL,1
BOY,BASILISO,1
BOY,BASTIAAN,1
BOY,BASTIAN,2
BOY,BEAR,1
BOY,BEAU,10
BOY,BEAUDEN,1
BOY,BEAUMONT,1
BOY,BEAUX,2
BOY,BECK,1
BOY,BECKER,1
BOY,BECKET,1
BOY,BECKETT,13
BOY,BECKHAM,7
BOY,BEN,1
BOY,BENDER,1
BOY,BENGE,1
BOY,BEN-HUR,1
BOY,BENICIO,1
BOY,BENIGNO,1
BOY,BENJAMIN,82
BOY,BENNETT,20
BOY,BENSON,2
BOY,BENTLEY,7
BOY,BEREN,1
BOY,BERNARDINO,1
BOY,BERNARDO,1
BOY,BERTIE,1
BOY,BEXAR,1
BOY,BIJON,1
BOY,BILAWAL,1
BOY,BILLY,2
BOY,BILLY JACK,1
BOY,BIRUH,1
BOY,BISHOP,2
BOY,BK,1
BOY,BLAISE,1
BOY,BLAKE,9
BOY,BLAS,1
BOY,BLAYNE,1
BOY,BLEU,1
BOY,BLU,1
BOY,BO,1
BOY,BOAZ,4
BOY,BOB,1
BOY,BOBBIE,1
BOY,BODE,1
BOY,BODEN,2
BOY,BODHE,1
BOY,BODHI,11
BOY,BONAMY,1
BOY,BOOKER,2
BOY,BOONE,4
BOY,BOURBON,1
BOY,BOWEN,4
BOY,BOWIE,1
BOY,BOWMAN,1
BOY,BOYD,1
BOY,BOZE,1
BOY,BRADFORD,1
BOY,BRADLEY,4
BOY,BRADY,8
BOY,BRADYN,1
BOY,BRAEDEN,2
BOY,BRAIAN,1
BOY,BRAM,1
BOY,BRANCH,1
BOY,BRANDON,25
BOY,BRANDTLEY,1
BOY,BRANSON,3
BOY,BRANT,1
BOY,BRANTLEE,1
BOY,BRANTLEY,4
BOY,BRAXTON,7
BOY,BRAXTYN,1
BOY,BRAYAN,2
BOY,BRAYDEN,14
BOY,BRAYDON,1
BOY,BRAYLEN,2
BOY,BRAYLON,1
BOY,BRAYSON,1
BOY,BRAZOS,1
BOY,BRECK,1
BOY,BRECKEN,1
BOY,BREK,1
BOY,BRENDAN,2
BOY,BRENNAN,3
BOY,BRENT,1
BOY,BRETON,1
BOY,BRETT,1
BOY,BREWER,1
BOY,BREYLEN,1
BOY,BRIAN,4
BOY,BRICKSTON,1
BOY,BRIDGER,1
BOY,BRIGGS,5
BOY,BRIO,1
BOY,BRISCOE,2
BOY,BRITTON,2
BOY,BRIX,1
BOY,BRIXX,1
BOY,BROCK,3
BOY,BRODERICK,2
BOY,BRODIE,3
BOY,BRODY,5
BOY,BRONSON,3
BOY,BROOKS,17
BOY,BRUCE,4
BOY,BRUGES,1
BOY,BRUNO,3
BOY,BRYAN,8
BOY,BRYANT,3
BOY,BRYCE,8
BOY,BRYLIN,1
BOY,BRYSON,15
BOY,BURHAN,1
BOY,BURHANUDDIN,2
BOY,BURROW,1
BOY,BYLER,1
BOY,BYRON,1
BOY,CADE,3
BOY,CADEN,9
BOY,CADENCE,1
BOY,CAEL,1
BOY,CAELLUM,1
BOY,CAESAR,1
BOY,CAIDEN,3
BOY,CAIDENCE,1
BOY,CAIN,1
BOY,CAL,1
BOY,CALDER,2
BOY,CALEB,35
BOY,CALIEL,1
BOY,CALLAGHAN,1
BOY,CALLAHAN,1
BOY,CALLAN,3
BOY,CALLEN,2
BOY,CALLUM,4
BOY,CALUM,1
BOY,CALVIN,12
BOY,CAMDEN,5
BOY,CAMERON,21
BOY,CAMILO,2
BOY,CAMPBELL,2
BOY,CANNON,2
BOY,CANYON,1
BOY,CARL,2
BOY,CARLO,1
BOY,CARLOS,21
BOY,CARMELO,3
BOY,CARRICK,1
BOY,CARSEN,1
BOY,CARSON,14
BOY,CARSYN,1
BOY,CARTER,25
BOY,CARTIER,2
BOY,CASE,1
BOY,CASEN,3
BOY,CASEY,2
BOY,CASH,6
BOY,CASPER,2
BOY,CASPIAN,2
BOY,CASSIAN,2
BOY,CASSIUS,3
BOY,CATO,1
BOY,CAYDEN,2
BOY,CAYENNE,1
BOY,CAYSEN,1
BOY,CAYSON,2
BOY,CEAZAR,1
BOY,CEDAR,1
BOY,CEDERICK,1
BOY,CEDRIC,2
BOY,CEDRICK,1
BOY,CESAR,7
BOY,CESARLUIS,1
BOY,CHAD,1
BOY,CHAITAN,1
BOY,CHANCE,3
BOY,CHANCELLOR,1
BOY,CHANDLER,2
BOY,CHANZ,1
BOY,CHARLEE,1
BOY,CHARLES,53
BOY,CHARLES FRANCIS,1
BOY,CHARLIE,8
BOY,CHASE,1
BOY,CHAUNCEY,1
BOY,CHAVA,1
BOY,CHRIS,4
BOY,CHRISTIAN,40
BOY,CHRISTOPHER,43
BOY,CHRISTOS,1
BOY,CHUMA,1
BOY,CIAN,1
BOY,CIPRIANO,1
BOY,CIRO,1
BOY,CLARK,8
BOY,CLARKE,1
BOY,CLAY,1
BOY,CLAYTON,5
BOY,CLIFF,1
BOY,CLIFFTON,1
BOY,CLIFTON,2
BOY,CLINTON,1
BOY,CLIVE,1
BOY,CLOVIS,1
BOY,CLYDE,7
BOY,COAST,1
BOY,CODY,5
BOY,COEN,1
BOY,COHEN,4
BOY,COLBY,1
BOY,COLE,13
BOY,COLEMAN,1
BOY,COLIN,7
BOY,COLLIER,1
BOY,COLLIN,5
BOY,COLSTON,1
BOY,COLT,11
BOY,COLTEN,1
BOY,COLTON,11
BOY,CONG-LUCIANO,1
BOY,CONLEY,1
BOY,CONNELL,1
BOY,CONNER,1
BOY,CONNOR,21
BOY,CONOR,6
BOY,CONRAD,2
BOY,CONRAN,1
BOY,COOPER,25
BOY,COPLAND,1
BOY,CORBET,1
BOY,CORBIN,4
BOY,COREY,4
BOY,CORMAC,2
BOY,CORTEZ,1
BOY,CORWYN,1
BOY,CORY,2
BOY,COSIMO,1
BOY,COSTELLO,1
BOY,COTTON,1
BOY,COULTER,1
BOY,COVE,1
BOY,CRAIG,2
BOY,CRAWFORD,1
BOY,CREYSON,1
BOY,CRIMSON,1
BOY,CRISTIAN,11
BOY,CRISTIANO,2
BOY,CRISTO,1
BOY,CRISTOBAL,2
BOY,CRISTOFER,3
BOY,CRISTOPHER,2
BOY,CROIX,1
BOY,CROSBY,5
BOY,CROSS,1
BOY,CROY,1
BOY,CRU,2
BOY,CRUE,1
BOY,CRUZ,5
BOY,CRYSTIAN,1
BOY,CULLEN,5
BOY,CURTIS,1
BOY,CYPRESS,1
BOY,CYRIL,1
BOY,CYRUS,2
BOY,DA'CORY,1
BOY,DADRYAN,1
BOY,DAEJ,1
BOY,DAEJON,1
BOY,DAESON,1
BOY,DAGMAWI,1
BOY,DAIJON,1
BOY,DAISUKE,1
BOY,DAK,1
BOY,DAKOTA,5
BOY,DAKSH,2
BOY,DALBUS,1
BOY,DALE,1
BOY,DALLAS,7
BOY,DALTON,3
BOY,DAMAURI,1
BOY,DAMIAN,21
BOY,DAMIEN,3
BOY,DANE,2
BOY,DANIEL,83
BOY,DANILO,2
BOY,DANNEN,1
BOY,DANNY,2
BOY,DANTE,2
BOY,DANYAL,1
BOY,DARELL,1
BOY,DARIEL,1
BOY,DARIEN,1
BOY,DARIO,4
BOY,DARIUS,2
BOY,DARRELL,4
BOY,DARWIN,3
BOY,DASEAN,1
BOY,DASHIEL,1
BOY,DASHIELL,1
BOY,DASTAUN,1
BOY,DATIS,1
BOY,DAVE,2
BOY,DAVI,1
BOY,DAVID,58
BOY,DAVIN,2
BOY,DAVION,1
BOY,DAVIS,5
BOY,DAVIS-FAVOR,1
BOY,DAVY,1
BOY,DAWSON,5
BOY,DAX,5
BOY,DAXON,1
BOY,DAYCEN,1
BOY,DAYNE,1
BOY,DAYREN,1
BOY,DE' PRINCE,1
BOY,DEACON,6
BOY,DEAN,11
BOY,DEANDRE,3
BOY,DE'ANGELO,1
BOY,DEANTHONY,1
BOY,DECKER,2
BOY,DECKLIN,1
BOY,DECKLYNN,1
BOY,DECLAN,16
BOY,DEJAUN,1
BOY,ELLIOT,19
BOY,DEKENDRICK,1
BOY,DE'KING,1
BOY,DEKLYN,2
BOY,DELVIN,1
BOY,DEMARCUS,2
BOY,DEMARION,1
BOY,DEMIAN,1
BOY,DENIS,1
BOY,DENNIS,1
BOY,DENVER,1
BOY,DENYM,1
BOY,DENZEL,1
BOY,DEON,3
BOY,DE'QUINCE,1
BOY,DERECK,1
BOY,DEREK,4
BOY,DEREON,1
BOY,DERON,1
BOY,DERRICK,2
BOY,DESIRE,1
BOY,DESMOND,8
BOY,DEV,1
BOY,DEVAN,1
BOY,DEVANSH,2
BOY,DEVIN,4
BOY,DEVON,1
BOY,DEXTER,2
BOY,DEYVIN,1
BOY,DEZ,1
BOY,DEZI,1
BOY,DHAKSHAN,1
BOY,DHANWIN,1
BOY,DHARSITH,1
BOY,DHARVIQ,1
BOY,DHIYAAN,1
BOY,DHRUV,2
BOY,DHRUVAN,1
BOY,DIANER,1
BOY,DIEGO,30
BOY,DILAN,2
BOY,DILLON,6
BOY,DIMITRI,1
BOY,DININ,1
BOY,DIVIJ REDDY,1
BOY,DIVIK,1
BOY,DIVINE,2
BOY,DIVIT,1
BOY,DIXON,1
BOY,D'MARION,1
BOY,DMITRI,1
BOY,DOMANI,1
BOY,DOMINIC,13
BOY,DOMINIC ALEXANDER,1
BOY,DOMINICK,3
BOY,DOMINIK,2
BOY,DONALD,5
BOY,DONOVAN,7
BOY,DONTAVIOUS,1
BOY,DORIAN,6
BOY,DOUGLAS,3
BOY,D'QAYLIS,1
BOY,DRAKE,1
BOY,DREAM,1
BOY,DREUX,1
BOY,DREW,2
BOY,DRU,1
BOY,DRUE,1
BOY,DRYDEN,1
BOY,DUANE,1
BOY,DUKE,4
BOY,DUNCAN,5
BOY,DUSTIN,1
BOY,D'VANTE,1
BOY,DWARAK,1
BOY,DYLAN,48
BOY,DYLAND,1
BOY,DYLLAN,1
BOY,EAMES,1
BOY,EAN,1
BOY,EASTON,19
BOY,EBER,1
BOY,EBJAR,1
BOY,EDAIN,1
BOY,EDDY,1
BOY,EDEN,4
BOY,EDGAR,7
BOY,EDGARDO,1
BOY,EDINSON,1
BOY,EDISON,1
BOY,EDUARDO,22
BOY,EDUARDO-EMILIANO,1
BOY,EDVIN,1
BOY,EDWARD,16
BOY,EDWIN,10
BOY,EESA,1
BOY,EFREN,1
BOY,EGYPT,1
BOY,EIDAN,1
BOY,EILER,1
BOY,EILYSHA,1
BOY,ELDA,1
BOY,ELDER,1
BOY,ELEAZAR,1
BOY,ELEK,1
BOY,ELFEGO,1
BOY,ELI,26
BOY,ELIAN,3
BOY,ELIAS,19
BOY,ELIAV,1
BOY,ELIAZAR,1
BOY,ELIJAH,66
BOY,ELIJAH'REY,1
BOY,ELIO,3
BOY,ELIOT,2
BOY,ELISEO,1
BOY,ELISHA,2
BOY,ELITH,1
BOY,ELIUD,2
BOY,ELLEAZER,1
BOY,ELLEE,1
BOY,ELLIAS,1
BOY,ELLIOTT,20
BOY,ELLIS,11
BOY,ELLISON,2
BOY,ELLYJAH,1
BOY,ELMER,1
BOY,ELNAAM,1
BOY,ELON,2
BOY,ELOY,1
BOY,ELROI,1
BOY,ELVIN,1
BOY,ELVIS,1
BOY,ELYAN,1
BOY,ELYAS,1
BOY,EMANUEL,5
BOY,EMARRION,1
BOY,EMERALD,1
BOY,EMERSON,4
BOY,EMERY,1
BOY,EMIL,1
BOY,EMILE,1
BOY,EMILIANO,23
BOY,EMILIO,8
BOY,EMMANUEL,20
BOY,EMMET,1
BOY,EMMETT,15
BOY,EMMITT,3
BOY,EMRAN,2
BOY,EMRE,1
BOY,ENDER,2
BOY,ENIOLA,1
BOY,ENMANUEL,1
BOY,ENOCH,1
BOY,ENRIQUE,7
BOY,ENZO,10
BOY,ENZO ALEXANDER,1
BOY,ERI,1
BOY,ERIBERTO,1
BOY,ERIC,10
BOY,ERICK,11
BOY,ERIK,4
BOY,ERIKSON,1
BOY,ERNEST,2
BOY,ERNESTO,1
BOY,EROMELIO,1
BOY,ESAU,1
BOY,ESHAN,1
BOY,ESHANTH,1
BOY,ESTEBAN,4
BOY,ETHAN,65
BOY,ETHEN,1
BOY,ETZEL,1
BOY,EUGENE,1
BOY,EUGENIO,1
BOY,EULALIO,2
BOY,EVAN,27
BOY,EVANDER,4
BOY,EVANGELOS,1
BOY,EVELIO,1
BOY,EVER,2
BOY,EVERARDO,1
BOY,EVERETT,30
BOY,EVERETTE,1
BOY,EVRA-VON,1
BOY,EVRY,1
BOY,EWAN,2
BOY,EWING,1
BOY,EYAN,1
BOY,EYTAN,1
BOY,EZANA,1
BOY,EZEKIEL,38
BOY,EZEQUIEL,2
BOY,EZIO,1
BOY,EZRA,25
BOY,FABIAN,5
BOY,FABIO,1
BOY,FALCON,2
BOY,FAOLAN,1
BOY,FARAAZ,1
BOY,FARIS,1
BOY,FATIH,1
BOY,FAUSTINO,1
BOY,FAUSTO,1
BOY,FAVIAN,2
BOY,FAWAZ,1
BOY,FELIPE,3
BOY,FELIX,13
BOY,FENGHUA,1
BOY,FENIX,1
BOY,FERNANDO,14
BOY,FIDEL,2
BOY,FINIAN,1
BOY,FINLEY,13
BOY,FINN,18
BOY,FINNEAN,1
BOY,FINNEGAN,2
BOY,FINNION,1
BOY,FINTON,1
BOY,FISHER,5
BOY,FITZ,1
BOY,FITZHUGH,1
BOY,FLETCHER,1
BOY,FLINT,1
BOY,FOELLER,1
BOY,FORD,3
BOY,FORDHAM,1
BOY,FOREST,1
BOY,FOREVER,1
BOY,FORREST,2
BOY,FOSTER,1
BOY,FOX,4
BOY,FRANCIS,3
BOY,FRANCISCO,13
BOY,FRANCO,1
BOY,FRANK,3
BOY,FRANKLIN,3
BOY,FRASER,1
BOY,FRED,2
BOY,FREDDY,2
BOY,FREDERIC,1
BOY,FREDERICK,1
BOY,FREDY,1
BOY,FROYLAN,1
BOY,GAARA,1
BOY,GABIELLI IVAN,1
BOY,GABRIEL,42
BOY,GADIEL,1
BOY,GAEL,31
BOY,GAGE,9
BOY,GALEN,1
BOY,GAMALIEL,1
BOY,GANESH,1
BOY,GARETH,1
BOY,GARIK,1
BOY,GARRET,1
BOY,GARRETT,7
BOY,GARRISON,1
BOY,GARY,1
BOY,GASTON,1
BOY,GAUTAM,1
BOY,GAUTHAM,1
BOY,GAVEN,1
BOY,GAVIN,16
BOY,GAVYN-LEE,1
BOY,GENARO,1
BOY,GENCARLOS,1
BOY,GENE,1
BOY,GENTRY,1
BOY,GEORGE,19
BOY,GEOVANII,1
BOY,GEOVANNI,1
BOY,GEOVANNY,2
BOY,GEOVANY,1
BOY,GERALD,1
BOY,GERALDO,1
BOY,GERARDO,7
BOY,GERONIMO,3
BOY,GERSON,1
BOY,GETAWENDE,1
BOY,GETSAI,1
BOY,GEYSON,1
BOY,GI SUNG,1
BOY,GIAN VICTOR,1
BOY,GIANCARLO,2
BOY,GIA-NGUYEN,1
BOY,GIANLUCA,2
BOY,GIANNI,6
BOY,GIBSON,2
BOY,GIDEON,4
BOY,GILBERT,2
BOY,GILBERTO,1
BOY,GIONNI YITZHAK,1
BOY,GIOVANNI,25
BOY,GIOVANNY,2
BOY,GIOVONI,1
BOY,GOHAN,2
BOY,GOMATHISANKAR,1
BOY,GONZALO,1
BOY,GORDON,2
BOY,GOTTI,1
BOY,GRACEN,1
BOY,GRADY,2
BOY,GRAHAM,14
BOY,GRANGER,1
BOY,GRANT,10
BOY,GRAY,2
BOY,GRAYSON,49
BOY,GREGGORY,1
BOY,GREGOR,1
BOY,GREGORY,7
BOY,GREY,4
BOY,GREYSON,13
BOY,GREY'SON,1
BOY,GRIDLEY,1
BOY,GRIFFIN,7
BOY,GRYFFINN,1
BOY,GUHAN,1
BOY,GUILLERMO,3
BOY,GUNNAR,3
BOY,GUNNARD,1
BOY,GUNNER,2
BOY,GURION,1
BOY,GUS,1
BOY,GUSTAV,2
BOY,GUSTAVO,3
BOY,GUY,3
BOY,HACKETT,1
BOY,HADRIAN,1
BOY,HAIDEN,1
BOY,HAIDER,1
BOY,HALE,1
BOY,HAMAD,1
BOY,HAMILTON,1
BOY,HAMZA,2
BOY,HANIEL,2
BOY,HANK,5
BOY,HANSEL,2
BOY,HARIS,1
BOY,HARLAN,2
BOY,HARLEY,1
BOY,HAROLD,4
BOY,HARPER,2
BOY,HARRELL,1
BOY,HARRIS,2
BOY,HARRISON,32
BOY,HARSHAD,1
BOY,HARSHIL,1
BOY,HART,2
BOY,HARUN,1
BOY,HARVEY,12
BOY,HASHER,1
BOY,HASHIM,1
BOY,HASNAIN,1
BOY,HAVISH,1
BOY,HAWK,4
BOY,HAWKE,1
BOY,HAYDEN,7
BOY,HAYES,12
BOY,HAYLOR,1
BOY,HAZEN,1
BOY,HECTOR,7
BOY,HEITOR,1
BOY,HELAMAN,1
BOY,HEMANSH,1
BOY,HEMERSON,1
BOY,HENDRIX,7
BOY,HENRIK,1
BOY,HENRY,67
BOY,HERI,1
BOY,HERMELANDO,1
BOY,HESHAM,1
BOY,HEZEKIAH,2
BOY,HILAND,1
BOY,HILTON,1
BOY,HIRAM,2
BOY,HITCHENS,1
BOY,HOBBES,1
BOY,HOLDEN,7
BOY,HOLDON,1
BOY,HOLLAND,1
BOY,HOLLIS,3
BOY,HOLT,1
BOY,HOLTON,2
BOY,HOMERO,1
BOY,HONEST,1
BOY,HOSEA,1
BOY,HOUSTON,2
BOY,HOWARD,1
BOY,HRIM,1
BOY,HUBERT,1
BOY,HUCK,1
BOY,HUDSON,47
BOY,HUGH,1
BOY,HUGHES,1
BOY,HUGO,10
BOY,HUMAYD,1
BOY,HUMBERTO,1
BOY,HUNTER,16
BOY,HUNTLEY,1
BOY,HUSSAIN,1
BOY,HUSSEIN,2
BOY,HUTCHISON,1
BOY,HUXLEY,2
BOY,HYDEN,1
BOY,IAN,34
BOY,IBRAHEEM,1
BOY,IBRAHIM,2
BOY,IDRIS,3
BOY,IFEANYI,1
BOY,IGNACIO,2
BOY,IGNATIUS,1
BOY,IHAN,1
BOY,IKE,1
BOY,IKENIK,1
BOY,IKENNY,1
BOY,IKER,15
BOY,ILAN,2
BOY,ILDEFONSO,1
BOY,ILHEEN SAIHON,1
BOY,IMAN,1
BOY,IMARI,1
BOY,IMMANUEL,2
BOY,IMRAN,2
BOY,INFANT,1
BOY,INFANT BABY BOY,2
BOY,IRA,1
BOY,IRBY,1
BOY,IRFAAN,1
BOY,IRVIN,1
BOY,ISA,1
BOY,ISAAC,55
BOY,ISAAC ELIAS,1
BOY,ISAAC-ERIK,1
BOY,ISAAK,1
BOY,ISAEL,1
BOY,ISAI,1
BOY,ISAIAH,27
BOY,ISAIAS,5
BOY,ISAIS,2
BOY,ISHAAN,3
BOY,ISHAAN SRIVATSA,1
BOY,ISHEMA,1
BOY,ISIDRO,2
BOY,ISMAEL,11
BOY,ISMOILJON,1
BOY,ISRAEL,10
BOY,ISRALE,1
BOY,ISSAC,5
BOY,ISTVAN,1
BOY,ITAIVON,1
BOY,ITALO,1
BOY,ITZAE,1
BOY,IVAAN,2
BOY,IVAN,19
BOY,IYANSH,1
BOY,IYDEN,1
BOY,IZAIAH,3
BOY,IZAUH,1
BOY,IZAYAH,1
BOY,IZEKIEL,1
BOY,IZEN GREY,1
BOY,IZZAC,1
BOY,IZZAYAH,1
BOY,IZZY,1
BOY,J MICHAEL,1
BOY,JAAZIAH,1
BOY,JABEZ,1
BOY,JACARI,1
BOY,JACE,17
BOY,JACE'ANGEL,1
BOY,JACEN,1
BOY,JACIEL,2
BOY,JACINTO,2
BOY,JACK,53
BOY,JACKSON,63
BOY,JACO,1
BOY,JACOB,60
BOY,JACOB ROI,1
BOY,JACOBI,1
BOY,JACOBY,1
BOY,JA'CORI,1
BOY,JAD,2
BOY,JA'DARIUS,1
BOY,JADEN,6
BOY,JADIEL,2
BOY,JADON,2
BOY,JAE,1
BOY,JAE'CEON,1
BOY,JAEDON,1
BOY,JAELIN,1
BOY,JAEMESON,1
BOY,JAFAR,1
BOY,JAFET,1
BOY,JAGANNATHAN,1
BOY,JAGGER,1
BOY,JAHMAI,1
BOY,JAI,1
BOY,JAICEON,1
BOY,JAIDEEP,1
BOY,JAIDEN,3
BOY,JAIDYN,1
BOY,JAIKEN,1
BOY,JAIME,6
BOY,JAIRO,4
BOY,JAIRON,1
BOY,JAIRUS,1
BOY,JA'KARI,1
BOY,JA'KARRI,2
BOY,JA'KAYDEN,1
BOY,JAKE,12
BOY,JAKOB,4
BOY,JAKOBE,1
BOY,JAKOBIE,1
BOY,JAKORE,1
BOY,JA'LEEL,1
BOY,JALEN,2
BOY,JA'MAIAH,1
BOY,JAMAINE,1
BOY,JAMAR,1
BOY,JAMARION,1
BOY,JAMARKUS,1
BOY,JA'MARRI,1
BOY,JAMES,104
BOY,JAMESON,16
BOY,JAMIE,2
BOY,JAMIEL,1
BOY,JAMIR,1
BOY,JAMISON,2
BOY,JAN,2
BOY,JANNER,1
BOY,JANSON,1
BOY,JAPHETH,1
BOY,JAPMANN SINGH,1
BOY,JARED,3
BOY,JARED CURTIS,1
BOY,JAREK,1
BOY,JARIELL,1
BOY,JARIYAH,1
BOY,JARRETT,2
BOY,JARVIS,1
BOY,JASE,3
BOY,JASHWANTH,1
BOY,JASIAH,1
BOY,JA'SIAN,1
BOY,JASON,20
BOY,JASPER,7
BOY,JASPER-AVERY,1
BOY,JASSIAH,1
BOY,JASSIEL,1
BOY,JAVARIS,1
BOY,JAVI,1
BOY,JAVIER,19
BOY,JAWAD,1
BOY,JAX,13
BOY,JAXEN,1
BOY,JAXON,35
BOY,JAXSEN,1
BOY,JAXSON,8
BOY,JAXTON,3
BOY,JAXTYN,1
BOY,JAXX,1
BOY,JAY,8
BOY,JAY DEN,1
BOY,JAYAN,1
BOY,JAYCE,2
BOY,JAYCEN,2
BOY,JAYCEON,3
BOY,JAY'CEON,1
BOY,JAYCO,1
BOY,JAYDEN,45
BOY,JAYDENN,1
BOY,JAYLEN,4
BOY,JAYLIN,1
BOY,JAYLON,1
BOY,JAYSON,2
BOY,JAYVEN,1
BOY,JAYVONN,1
BOY,JAYXON,1
BOY,JAZAEL,1
BOY,JED,1
BOY,JEDIDIAH,1
BOY,JEEV,1
BOY,JEEVANA,1
BOY,JEFF,2
BOY,JEFFERSON,3
BOY,JEFFERY,2
BOY,JEFFREY,6
BOY,JEFREY,1
BOY,JEFTE,1
BOY,JENO',1
BOY,JENSEN,3
BOY,JENSON,1
BOY,JEOVANNI,1
BOY,JERAMIAHA,1
BOY,JEREL,2
BOY,JEREMIAH,26
BOY,JEREMIAH WILLIAM,1
BOY,JEREMIAS,2
BOY,JEREMIIAH,1
BOY,JEREMY,6
BOY,JERIAH,1
BOY,JERICHO,1
BOY,JERIEL,1
BOY,JERMICHEAL,1
BOY,JER'MII,1
BOY,JERRELL,1
BOY,JERRY,1
BOY,JERSAIN,1
BOY,JERVONI,1
BOY,JESIAH,2
BOY,JESSE,14
BOY,JESTER,1
BOY,JESUS,31
BOY,JET,1
BOY,JETSON,1
BOY,JETT,11
BOY,JEWLZ,1
BOY,JEYRAN,1
BOY,JEYREN AZAEL,1
BOY,JHAYLAN,1
BOY,JHONNY,1
BOY,JIHOO,1
BOY,JIMMIE,2
BOY,JIMMY,2
BOY,JIZAEL,1
BOY,JMALE,1
BOY,JOAN,3
BOY,JOANTHONY,1
BOY,JOAQUIN,14
BOY,JOAQUIN-ANTHONY,1
BOY,JOAQUIN'CRUZ,1
BOY,JOCSAN,1
BOY,JODY,1
BOY,JOE,6
BOY,JOE'ANGEL,1
BOY,JOEDI,1
BOY,JOEDNIEL,1
BOY,JOEL,14
BOY,JOEL VALAN,1
BOY,JOEN,1
BOY,JOEY,1
BOY,JOHAN,2
BOY,JOHN,56
BOY,JOHN JACOB,1
BOY,JOHN PAUL,1
BOY,JOHNATHAN,5
BOY,JOHN-HENRY,1
BOY,JOHN-LUKE,1
BOY,JOHNNY,5
BOY,JO'MARI,1
BOY,JON,3
BOY,JONAEL,4
BOY,JONAH,11
BOY,JONAS,7
BOY,JONATHAN,38
BOY,JONES,1
BOY,JONTEL,1
BOY,JORAM,1
BOY,JORDAN,26
BOY,JORDEN,1
BOY,JORDY,4
BOY,JORGE,15
BOY,JOSAFAT,1
BOY,JOSE,52
BOY,JOSE MIGUEL,1
BOY,JOSEALFREDO,1
BOY,JOSEANTONIO,1
BOY,JOSEGAEL,1
BOY,JOSEPH,49
BOY,JOSE-RENE,1
BOY,JOSH,1
BOY,JOSHUA,52
BOY,JOSHWA,1
BOY,JOSIAH,46
BOY,JO'SIAH,2
BOY,JOSIAS,2
BOY,JOSMAN,1
BOY,JOSSIYAH,1
BOY,JOSTIN,1
BOY,JOSUE,11
BOY,JOURNEY,2
BOY,JOVANI,2
BOY,JOVANY,1
BOY,JOZEF,1
BOY,JOZIAH RENZO,1
BOY,JR,1
BOY,JRUE,2
BOY,JUAN,27
BOY,JUAN EDUARDO,1
BOY,JUAN PABLO,1
BOY,JUAQUIN,1
BOY,JUDAH,12
BOY,JUDAS,1
BOY,JUDD,1
BOY,JUDE,22
BOY,JUDGE,1
BOY,JUDSON,4
BOY,JUDUS,1
BOY,JUELZ,2
BOY,JULEN,1
BOY,JULES,1
BOY,JULIA,1
BOY,JULIAN,55
BOY,JULIANN,1
BOY,JULIEN,3
BOY,JULIO,11
BOY,JULIUS,12
BOY,JULIUZ,1
BOY,JULLIAN,2
BOY,JUNIOR,1
BOY,JUSTICE,1
BOY,JUSTIN,9
BOY,JUSTUS,1
BOY,JUVENAL,2
BOY,JYSIAH,1
BOY,KAARTHIKEYA,1
BOY,KABIR,4
BOY,KACEN,1
BOY,KADE,5
BOY,KADEN,13
BOY,KADON,1
BOY,KADYN,1
BOY,KAE'CEON,1
BOY,KAEDEN,1
BOY,KAEL,1
BOY,KAHLIL,1
BOY,KAI,20
BOY,KAIDEN,13
BOY,KAIKI,1
BOY,KAILOR,1
BOY,KAIN,1
BOY,KAINOA,1
BOY,KAIS,2
BOY,KAISER,1
BOY,KAISON,2
BOY,KAIZER,1
BOY,KALAB,1
BOY,KALEB,12
BOY,KAMARI,2
BOY,KAM'ARI,1
BOY,KAMERON,3
BOY,KAMIL,1
BOY,KAMRAN,1
BOY,KAMYAR,1
BOY,KANAAN,1
BOY,KANE,3
BOY,KANON,1
BOY,KAREEM,1
BOY,KARIM,2
BOY,KA'RON,1
BOY,KARSON,2
BOY,KARTER,3
BOY,KARTHIK,1
BOY,KASE,3
BOY,KASEN,2
BOY,KASEY,1
BOY,KASH,3
BOY,KASHDEN,1
BOY,KASHSTON,1
BOY,KASON,4
BOY,KASSIUS,1
BOY,KAVEH,2
BOY,KAVELLI KAINE,1
BOY,KAVI,1
BOY,KAVIN,1
BOY,KAYDEN,14
BOY,KAYMAN,1
BOY,KAYNEN,1
BOY,KAYRA,1
BOY,KAYSON,4
BOY,KAZZ,1
BOY,KEAGAN,1
BOY,KEATING,1
BOY,KEATON,2
BOY,KEEAN,1
BOY,KEEGAN,2
BOY,KEILLOR,1
BOY,KEI'MARRI,1
BOY,KEITH,3
BOY,KE'KOA,1
BOY,KELLAN,1
BOY,KELLEN,1
BOY,KELVIN,1
BOY,KENDALL,1
BOY,KENDRIC,1
BOY,KENDRICK,2
BOY,KENDYN,1
BOY,KENJI,1
BOY,KENNETH,3
BOY,KENYN,1
BOY,KEON,1
BOY,KERMIT KC,1
BOY,KERRY,1
BOY,KESHAV,1
BOY,KEVIN,21
BOY,KEVION,1
BOY,KEYLOR,1
BOY,KEYVONTAE,1
BOY,K'FAYA,1
BOY,KHAI,2
BOY,KHAJA,1
BOY,KHANG,1
BOY,KHARTER,1
BOY,KHOA,1
BOY,KIAN,4
BOY,KIDUS,1
BOY,KIGEN,1
BOY,KIHWAN,1
BOY,KIICHI,1
BOY,KIING,1
BOY,KILIAN,2
BOY,KILLIAN,7
BOY,KIMONI,1
BOY,KING,19
BOY,KINGSLEY,2
BOY,KINGSTON,5
BOY,KINGSTYN,1
BOY,KINZA,1
BOY,KION,1
BOY,KIP,1
BOY,KIRAN,1
BOY,KIRTHAN,1
BOY,KISHAN,1
BOY,KISO,1
BOY,KIT,1
BOY,KIVA,1
BOY,KLINE,1
BOY,KNOX,6
BOY,KOA,2
BOY,KOBE,2
BOY,KODA,3
BOY,KOLIN,1
BOY,KOLT,1
BOY,KOLTEN,1
BOY,KONNOR,1
BOY,KORT,1
BOY,KOSISOCHI,1
BOY,KOY,1
BOY,KREW,1
BOY,KRISH,4
BOY,KRISHANG,3
BOY,KRISHAV,1
BOY,KRISHIL,1
BOY,KRISHIV,1
BOY,KRISHNA,1
BOY,KRISTIAN,1
BOY,KRISTOFFERSON,1
BOY,KRISTOPHER,3
BOY,KRYSTIAN,1
BOY,KUBO,1
BOY,KURT,1
BOY,KURTIS,1
BOY,KYAN,2
BOY,KYDEN,1
BOY,KY'DEN,1
BOY,KYE,1
BOY,KYLAR,2
BOY,KYLE,2
BOY,KYLEN,2
BOY,KYLER,4
BOY,KYMANI,1
BOY,KY-MANI,1
BOY,KYREE,1
BOY,KY'REE,1
BOY,KYREN,1
BOY,KY'REON,1
BOY,KYRIE,4
BOY,KYRIN,1
BOY,KYSEN,1
BOY,KYZER,1
BOY,LAETH,1
BOY,LAIRD,1
BOY,LAKELAND,1
BOY,LAKSHITH SAI,1
BOY,LA'MONTRE,1
BOY,LANDAN,1
BOY,LANDEN,2
BOY,LANDON,18
BOY,LANDRY,6
BOY,LANDYN,1
BOY,LANE,6
BOY,LANGSTON,1
BOY,LARENZO,1
BOY,LA-ROY,1
BOY,LARRY,3
BOY,LASZLO,1
BOY,LATHAN,1
BOY,LAVELL,1
BOY,LAWLER,1
BOY,LAWRENCE,4
BOY,LAWSON,3
BOY,LAYNE,3
BOY,LAZARO,1
BOY,LAZARUS,1
BOY,LEANDRO,1
BOY,LEANZAR,1
BOY,LEAVY,1
BOY,LEDGER,1
BOY,LEE,3
BOY,LEELAND,1
BOY,LEEVON,1
BOY,LEGEND,6
BOY,LEHNDRE,1
BOY,LEIAM,1
BOY,LEIF,2
BOY,LEIGHTON,2
BOY,LELAND,3
BOY,LEMUEL,1
BOY,LENNON,2
BOY,LENNOX,2
BOY,LENORIS,1
BOY,LEO,28
BOY,LEON,11
BOY,LEONARD,3
BOY,LEONARDO,29
BOY,LEONEL,6
BOY,LEONIDAS,3
BOY,LEONTAE,1
BOY,LEOPOLD,1
BOY,LEOPOLDO,1
BOY,LESTER,2
BOY,LETHAN,1
BOY,LETO,1
BOY,LEVI,49
BOY,LEVON,2
BOY,LEVY,1
BOY,LEWIS,4
BOY,LEX,1
BOY,LEXIE,1
BOY,LEYTON,1
BOY,LIAM,74
BOY,LIAM SAMORI,1
BOY,LIAN,1
BOY,LINCOLN,36
BOY,LINDELL,1
BOY,LINK,1
BOY,LINNAEUS,1
BOY,LINUS,1
BOY,LINUX,1
BOY,LIONEL,1
BOY,LITO,1
BOY,LIVINGSTON,1
BOY,LIZANDRO,1
BOY,LOAL,1
BOY,LOCHLAN,1
BOY,LOCHLANN,1
BOY,LOCHREN,1
BOY,LODEN,1
BOY,LOFTON,1
BOY,LOGAN,46
BOY,LOGAN EMMANUEL,1
BOY,LONAN,1
BOY,LONDON,1
BOY,LONNIE,1
BOY,LORENZO,4
BOY,LORRIS,1
BOY,LOUI,1
BOY,LOUIE,2
BOY,LOUIS,9
BOY,LUC,1
BOY,LUCA,14
BOY,LUCAS,41
BOY,LUCAS ALEXANDER,1
BOY,LUCCA,2
BOY,LUCCAS,1
BOY,LUCIAN,1
BOY,LUCIANNO,1
BOY,LUCIANO,1
BOY,LUCIEN,2
BOY,LUCIO,3
BOY,LUIS,42
BOY,LUIYAN,1
BOY,LUIZ,1
BOY,LUKA,7
BOY,LUKAS,10
BOY,LUKE,59
BOY,LUKE MICHAL,1
BOY,LUKE-EZRA,1
BOY,LUMEN,1
BOY,LUMIAN,1
BOY,LUWIS,1
BOY,LYAM,1
BOY,LYNDON,4
BOY,LYNN,1
BOY,LYNNOX,1
BOY,MAC,1
BOY,MACARIO,1
BOY,MACEO,1
BOY,MACIJAH,1
BOY,MACK,2
BOY,MACKEY,1
BOY,MACKLIN,1
BOY,MACLAIN,1
BOY,MACLIN,1
BOY,MACPHERSON,1
BOY,MACSEN,2
BOY,MADDEN,1
BOY,MADDOX,15
BOY,MADIX,1
BOY,MAEL,3
BOY,MAEVIN,1
BOY,MAGDIEL,1
BOY,MAGNUS,1
BOY,MAHIR,1
BOY,MAISON,1
BOY,MAJD,2
BOY,MAJEZTY,1
BOY,MAJOR,5
BOY,MAKAI,1
BOY,MAKHTAR,1
BOY,MAKSYM,1
BOY,MALACHI,8
BOY,MALAKAI,2
BOY,MALAKKHI,1
BOY,MALAUHN,1
BOY,MALAUN,1
BOY,MALCOLM,9
BOY,MALEKAI,1
BOY,MALIK,6
BOY,MAMADOU,1
BOY,MANIS,1
BOY,MANNY,1
BOY,MANOLO,2
BOY,MANUEL,11
BOY,MARAT,1
BOY,MARC,1
BOY,MARCELES,1
BOY,MARCELINO,1
BOY,MARCELLO,1
BOY,MARCELO,7
BOY,MARCIANO,1
BOY,MARCO,8
BOY,MARCOS,1
BOY,MARCUS,3
BOY,MAREK,1
BOY,MARGARITO,1
BOY,MARIANO,2
BOY,MARIO,7
BOY,MARK,7
BOY,MARK ANTHONY,1
BOY,MARKEAL,1
BOY,MARKO,1
BOY,MARKOV,1
BOY,MARLON,1
BOY,MARON,1
BOY,MARQUIS,1
BOY,MARSHALL,5
BOY,MARTIN,7
BOY,MARVIN,1
BOY,MASEN,2
BOY,MASON,36
BOY,MASSIMO,1
BOY,MATAYUS,1
BOY,MATEO,66
BOY,MATEOS,1
BOY,MATEUS,1
BOY,MATHAYUS,1
BOY,MATHEO,1
BOY,MATHEW,8
BOY,MATHIAS,4
BOY,MATIAS,16
BOY,MATS,1
BOY,MATTEO,20
BOY,MATTEW,1
BOY,MATTHEW,53
BOY,MATTHIAS,1
BOY,MATTIAS,1
BOY,MATTIS,1
BOY,MAURICE,1
BOY,MAURICIO,2
BOY,MAVERICK,22
BOY,MAVRIK,1
BOY,MAX,16
BOY,MAX'EMILIANO,1
BOY,MAXEN,2
BOY,MAXIM,2
BOY,MAXIMILIAN,1
BOY,MAXIMILIANO,12
BOY,MAXIMILIUS,1
BOY,MAXIMILLIAN,1
BOY,MAXIMO,2
BOY,MAXIMUS,10
BOY,MAXWELL,18
BOY,MAXXIMILIANO,1
BOY,MAYAN,1
BOY,MAYCO,1
BOY,MAYER,1
BOY,MAYSON,1
BOY,MAZOREE,1
BOY,MCCOY,1
BOY,MCKENZIE,1
BOY,MEDARDO,1
BOY,MEHRAAB,1
BOY,ME'KAI,1
BOY,MELESIO,1
BOY,MEMPHIS,1
BOY,MENELIK,1
BOY,MERIT,1
BOY,MERLIN,1
BOY,MERRICK,2
BOY,MERU,1
BOY,MESSIAH,13
BOY,MESSIUS,1
BOY,METEHAN,1
BOY,MICAH,18
BOY,MICHAEL,54
BOY,MICHAEL PAUL,1
BOY,MICHAEL-ANTHONY,1
BOY,MICHEL,1
BOY,MICIAH,1
BOY,MIGUEL,22
BOY,MIGUEL  ANGEL,1
BOY,MIKAEL,1
BOY,MIKE,1
BOY,MIKEAL,1
BOY,MIKEL,1
BOY,MIKHA,1
BOY,MIKIYAS,1
BOY,MIKKO,1
BOY,MIKLAS,1
BOY,MILAM,1
BOY,MILAN,5
BOY,MILEK,1
BOY,MILES,28
BOY,MILLER,3
BOY,MILLIANO,1
BOY,MILLION,1
BOY,MILO,7
BOY,MILOS,2
BOY,MILTON,1
BOY,MISAEL,1
BOY,MISTRAL,1
BOY,MITCHELL,1
BOY,MITHRAN,1
BOY,MIVAAN,1
BOY,MOHAB,1
BOY,MOHAMMAD,2
BOY,MOHAMMED,3
BOY,MOISES,2
BOY,MOKSSH,1
BOY,MONTARION,1
BOY,MONTGOMERY,1
BOY,MORGAN,2
BOY,MOSES,2
BOY,MOUSA,1
BOY,MOVAY,1
BOY,MOZART,1
BOY,MRINANK,1
BOY,MUAFAQ,1
BOY,MUHAMMAD,1
BOY,MURILLO,1
BOY,MURPHY,1
BOY,MURRAY,2
BOY,MUSA,1
BOY,MUSTAFA,2
BOY,MUUTUL,1
BOY,MYKAL,1
BOY,MYLES,8
BOY,MYLO,2
BOY,NADAV,1
BOY,NADER,1
BOY,NAGA SHAURYA,1
BOY,NAHUM,1
BOY,NAHUN,1
BOY,NAIZEN,1
BOY,NAKAI,1
BOY,NAKOA,1
BOY,NAKOTA,1
BOY,NANDA,1
BOY,NANDIN,1
BOY,NARANNA,1
BOY,NASH,6
BOY,NASIF,1
BOY,NASSIR,1
BOY,NATAY,1
BOY,NATE,1
BOY,NATHAN,44
BOY,NATHANAEL,2
BOY,NATHANIEL,20
BOY,NAVEEN,1
BOY,NA'ZAIVIAN,1
BOY,NAZARETH,1
BOY,NAZEER,1
BOY,NEEKAUN,1
BOY,NEEL,2
BOY,NEELEY,1
BOY,NEEV,1
BOY,NEFTALI,1
BOY,NEHAN,1
BOY,NEHEMIAH,3
BOY,NEHUM,1
BOY,NEIKO,1
BOY,NEIL,8
BOY,NEIL-WESLOR,1
BOY,NEIMAR,1
BOY,NEIZAN,1
BOY,NELS,1
BOY,NELSON,1
BOY,NEO,1
BOY,NETZACH,1
BOY,NEWELL,1
BOY,NICHARIYAH,1
BOY,NICHOLAS,25
BOY,NICKLAS,1
BOY,NICKOLAS,2
BOY,NICO,5
BOY,NICOLAS,11
BOY,NIHITH,1
BOY,NIKAN,1
BOY,NIKHIL,2
BOY,NIKO,4
BOY,NIKOLA,2
BOY,NIKOLAI,4
BOY,NIKOLAS,2
BOY,NIMBUS,1
BOY,NIMISH,1
BOY,NIRAV,1
BOY,NIRVAAN,1
BOY,NIVED,1
BOY,NIVEDH,1
BOY,NIVIN,1
BOY,NIVIT,1
BOY,NIXON,2
BOY,NOAH,85
BOY,NOAHM,1
BOY,NOBLE,3
BOY,NOE,3
BOY,NOEL,5
BOY,NOHEK,1
BOY,NOLAN,37
BOY,NOLBERTO,1
BOY,NORBERTO,1
BOY,NOSAGIERAGBON,1
BOY,NOVA,4
BOY,NURAIZ,1
BOY,NYLE,2
BOY,OBAKAMISI,1
BOY,OCEAN,2
BOY,OCTAVIAN,2
BOY,OCTAVIO,3
BOY,ODEM,1
BOY,ODIN,3
BOY,ODYSSEUS,2
BOY,OGHENEMARO,1
BOY,OJASVI,1
BOY,OLIN,2
BOY,OLINCE,1
BOY,OLIVER,75
BOY,OLLIE,1
BOY,OLLIVANDER,1
BOY,OLVIN,1
BOY,OM,2
BOY,OMAR,12
BOY,OMARI,1
BOY,O'MARI,2
BOY,OMAURI,1
BOY,OMEGA,1
BOY,O'MEGA,1
BOY,ONOFRE,1
BOY,ONYX,2
BOY,ORACIO,1
BOY,ORAN,1
BOY,OREN,2
BOY,ORIN,2
BOY,ORION,12
BOY,ORLANDO,4
BOY,ORRI,1
BOY,ORSON,3
BOY,OSCAR,12
BOY,OSEIAS,1
BOY,OSIEL,2
BOY,OSIRIS,2
BOY,OSVALDO,3
BOY,OSYRUS,1
BOY,OTIS,3
BOY,OTONIEL,1
BOY,OTTO,6
BOY,OWEN,42
BOY,OZIAS,2
BOY,OZZY,1
BOY,PABLO,16
BOY,PACE,1
BOY,PALMER,4
BOY,PARKER,24
BOY,PARKS,3
BOY,PARRISH,1
BOY,PARTH,1
BOY,PARVA,1
BOY,PASHA,1
BOY,PATRICIO,1
BOY,PATRICK,12
BOY,PAUL,7
BOY,PAXTON,9
BOY,PAYTON,2
BOY,PEDRO,7
BOY,PEDRO VICTOR,1
BOY,PEDRODAVID,1
BOY,PENN,1
BOY,PERCY,1
BOY,PERERA,1
BOY,PERSCIUS,1
BOY,PETE,1
BOY,PETER,7
BOY,PEYTON,2
BOY,PHARAOH,2
BOY,PHILEMON,1
BOY,PHILIP,2
BOY,PHILLIP,2
BOY,PHOENIX,7
BOY,PI,1
BOY,PIERCE,5
BOY,PIERO,1
BOY,PIERSON,1
BOY,PIETRO,1
BOY,POLO,1
BOY,PORTER,4
BOY,PORTMAN,1
BOY,PRABHAV,1
BOY,PRABHMEHAR,1
BOY,PRADYUMNA,1
BOY,PRAISE,1
BOY,PRAJWAL,1
BOY,PRANAV,2
BOY,PRATEEK,1
BOY,PRATHIK,1
BOY,PRESLEY,1
BOY,PRESTON,10
BOY,PRICE,1
BOY,PRINCE,2
BOY,PRINCE ETHAN,1
BOY,PRINCE JAMMIE EZEQUIEL,1
BOY,PRINCE URIAH,1
BOY,PRINCETON,2
BOY,QHING,1
BOY,QUAVION,1
BOY,QUINCY,3
BOY,QUINN,4
BOY,RAAD,1
BOY,RACE,2
BOY,RAD,1
BOY,RADEN,1
BOY,RAFAEL,7
BOY,RAFAELITO,1
BOY,RAFE,1
BOY,RAFEAL,1
BOY,RAGNAR,1
BOY,RAHIL,1
BOY,RAIDEN,2
BOY,RAIN,1
BOY,RAINER,1
BOY,RAJA,1
BOY,RALEIGH,2
BOY,RAMACHARAN,1
BOY,RAMON,5
BOY,RANDALL,1
BOY,RANDY,1
BOY,RAPHAEL,2
BOY,RAPHAEL JIREH,1
BOY,RASHARD,1
BOY,RASHAWN,1
BOY,RAUL,9
BOY,RAUNAK,1
BOY,RAVEN,2
BOY,RAVI,1
BOY,RAYAN,1
BOY,RAYIRTH,1
BOY,RAYLAND,1
BOY,RAYLEN,1
BOY,RAYMAJ,1
BOY,RAYMOND,5
BOY,RAYNAV,1
BOY,RAY'SHAUN,1
BOY,RAYVAN,1
BOY,RAYYAN,1
BOY,REAGAN,3
BOY,REED,3
BOY,REESE,1
BOY,REEVE,1
BOY,REHAN,1
BOY,REHMAN,1
BOY,REID,6
BOY,REIGN,1
BOY,REINHARDT,1
BOY,REMI,1
BOY,REMINGTON,7
BOY,REMMY,1
BOY,REMY,10
BOY,REN,1
BOY,RENE,2
BOY,REUBEN,1
BOY,REVEL,1
BOY,REX,7
BOY,REY,4
BOY,REYAN,2
BOY,REYANSH,2
BOY,REYES,1
BOY,RHETT,15
BOY,RHODES,2
BOY,RHYDIAN,1
BOY,RHYS,4
BOY,RHYTHM,1
BOY,RIAAN,2
BOY,RIAN,1
BOY,RICARDO,7
BOY,RICHARD,10
BOY,RICK,2
BOY,RIC-MARNAUD,1
BOY,RICO,1
BOY,RIDGE,1
BOY,RIDWAN,1
BOY,RIGBY,1
BOY,RIGHTEOUS,1
BOY,RIGVEDA,1
BOY,RIHAAN,1
BOY,RIKER,2
BOY,RILEY,1
BOY,RIO,4
BOY,RIO  GUILLAUME,1
BOY,RISHAAN,1
BOY,RISHAV,1
BOY,RISHI,1
BOY,RISHITH,1
BOY,RITHWIK REDDY,1
BOY,RITODHI,1
BOY,RIVER,13
BOY,RIVERS,2
BOY,RIYAAN,1
BOY,RIYANSH,1
BOY,RIYANSHU,1
BOY,ROBERT,26
BOY,ROBERTO,3
BOY,ROBY,1
BOY,ROCCO,3
BOY,ROCKWELL,1
BOY,ROCKY,3
BOY,RODOLFO,4
BOY,RODRIGO,10
BOY,ROEL SALVADOR,1
BOY,ROEN,2
BOY,ROEY,1
BOY,ROGAN,1
BOY,ROGELIO,2
BOY,ROGER,2
BOY,ROHAN,2
BOY,ROHITH,1
BOY,ROLAND,5
BOY,ROLANDO,6
BOY,ROMAN,15
BOY,ROMELLO,1
BOY,ROMELO,2
BOY,ROMEO,9
BOY,ROMULO,1
BOY,RONAK,1
BOY,RONALD,1
BOY,RONAN,7
BOY,RONAV,1
BOY,RONEN,1
BOY,RONIN,3
BOY,RONNY,1
BOY,ROOK,1
BOY,RORY,2
BOY,ROSCOE,1
BOY,ROSS,1
BOY,ROWAN,15
BOY,ROWE,1
BOY,ROWEN,2
BOY,ROWIN,1
BOY,ROXAS,1
BOY,ROY,5
BOY,ROYAL,1
BOY,ROYCE,5
BOY,ROYDEN,1
BOY,ROZAE,1
BOY,RUBEN,6
BOY,RUDRA,1
BOY,RUDRAVED,1
BOY,RUDY,2
BOY,RUFUS,1
BOY,RUIXUAN,1
BOY,RUIYANG,1
BOY,RUIZ,1
BOY,RUSH,1
BOY,RUSHANT,1
BOY,RUSSELL,1
BOY,RUSTON,1
BOY,RYAN,35
BOY,RYATT,1
BOY,RYDEN,1
BOY,RYDER,9
BOY,RYE,2
BOY,RYEKEN,1
BOY,RYKER,10
BOY,RYLAN,3
BOY,RYLAND,3
BOY,SAAHAS,1
BOY,SAASHVIK,1
BOY,SABIR,1
BOY,SABOOR,1
BOY,SACHA,1
BOY,SAEED,1
BOY,SAGE,2
BOY,SAHIL,2
BOY,SAI  KARTHIKAY,1
BOY,SAI PRANAV,1
BOY,SAIF,1
BOY,SAISHLOK,1
BOY,SALEEM,1
BOY,SALOMON,1
BOY,SALVADOR,3
BOY,SAM,3
BOY,SAMAR,2
BOY,SAMARAN,1
BOY,SAMHITH,1
BOY,SAMI,2
BOY,SAMRAJYA,1
BOY,SAMSON,2
BOY,SAMUEL,58
BOY,SANJAY,1
BOY,SANTANA,1
BOY,SANTIAGO,46
BOY,SANTINO,1
BOY,SANTOS,1
BOY,SARVESHKUMAR,1
BOY,SASAN,1
BOY,SASHVIN,1
BOY,SATHVIK,1
BOY,SATVIK,1
BOY,SAUL,6
BOY,SA'VON,1
BOY,SAWYER,19
BOY,SAXON,1
BOY,SCOUT,4
BOY,SEALEY,1
BOY,SEAMUS,1
BOY,SEAN,9
BOY,SEBASTIAN,70
BOY,SELHAN,1
BOY,SELMAN,1
BOY,SERGIO,11
BOY,SERVANDO,1
BOY,SESHNAG,1
BOY,SETH,4
BOY,SETH-JACOB,1
BOY,SEVASTIAN,1
BOY,SEVERINO,1
BOY,SEYAN REDDY,1
BOY,SHADRACH,1
BOY,SHADRACK,1
BOY,SHAFER,2
BOY,SHAFFER,1
BOY,SHAHZAIB,1
BOY,SHAIHEIR,1
BOY,SHAKSHIV,1
BOY,SHALIN,1
BOY,SHALOM,1
BOY,SHANE,3
BOY,SHANMUKHA,1
BOY,SHANNON,1
BOY,SHAWAIZ,1
BOY,SHAWN,2
BOY,SHAWRYA,1
BOY,SHAYNE,1
BOY,SHEA,2
BOY,SHELTON,1
BOY,SHEPARD,4
BOY,SHEPHARD,1
BOY,SHEPHERD,5
BOY,SHEPP,1
BOY,SHEPPARD,1
BOY,SHERWIN,1
BOY,SHIN,1
BOY,SHIVAAN,1
BOY,SHIVAANSH,1
BOY,SHIVAAY,2
BOY,SHIVJOT,1
BOY,SHIVOM,1
BOY,SHO,1
BOY,SHOAIB,1
BOY,SHOOTER,1
BOY,SHRAVAN,1
BOY,SHREEKAR,1
BOY,SHREEYAN,1
BOY,SHREYANSH,1
BOY,SHREYAS,1
BOY,SHREYASH,1
BOY,SHRINAY,1
BOY,SHRIYAAN,1
BOY,SHRIYAN,1
BOY,SHUBAN,1
BOY,SHUBH,1
BOY,SHUN,1
BOY,SHWAS,1
BOY,SIDDARTH,1
BOY,SIDDHANT,1
BOY,SIDDHARTH,2
BOY,SIDNEY,2
BOY,SILAS,15
BOY,SIMILIANO,1
BOY,SIMON,9
BOY,SINAN,1
BOY,SIR,2
BOY,SIR'KANDEN,1
BOY,SIWOO,1
BOY,SKAI,1
BOY,SKY,1
BOY,SKYE,1
BOY,SKYLAR,2
BOY,SKYLER,1
BOY,SLADE,1
BOY,SMITH,1
BOY,SOHAIL,1
BOY,SOHUM,1
BOY,SOLACE,1
BOY,SOLOMON,2
BOY,SOLOMON SILAS,1
BOY,SOLON,1
BOY,SONNY,8
BOY,SOREN,1
BOY,SORIN,1
BOY,SORNIM,1
BOY,SOTIRIOS,1
BOY,SPELLER,1
BOY,SPENCER,10
BOY,SRI AKSHAJ,1
BOY,SRIHARI,1
BOY,SRIKAR REDDY,1
BOY,SRIYANSH,1
BOY,STANLEY,1
BOY,STEELE,1
BOY,STEFAN,1
BOY,STEFANO,1
BOY,STEFFERON,1
BOY,STEPHEN,3
BOY,STERLING,6
BOY,STETSON,1
BOY,STEVE,2
BOY,STEVEN,6
BOY,STONE,6
BOY,STRYKER,1
BOY,STUART,1
BOY,SUDARSHAN,1
BOY,SUDHANVA,1
BOY,SUHAAS,1
BOY,SUHAS,1
BOY,SULEIMAAN,1
BOY,SULEIMAN,2
BOY,SULIMAN,1
BOY,SULLIVAN,4
BOY,SUNAY,1
BOY,SUR,1
BOY,SURYAN,1
BOY,SUTTON,1
BOY,SUVAN,1
BOY,SYAN,1
BOY,SYLAS,1
BOY,SYPHAX,1
BOY,TAAVO,1
BOY,TABIUS,1
BOY,TADEO,5
BOY,TADHG,1
BOY,TAHIR,1
BOY,TAIVAN,1
BOY,TAMARION,1
BOY,TANEK,1
BOY,TANNER,6
BOY,TARAN,1
BOY,TAREN,1
BOY,TARIQ,1
BOY,TASLIN,1
BOY,TASMAI,1
BOY,TASOS,1
BOY,TATE,4
BOY,TATUM,1
BOY,TAVARIS,1
BOY,TAVEON,1
BOY,TAVIAN,1
BOY,TAVORIC,1
BOY,TAYDEN,1
BOY,TAYDON,1
BOY,TAYLEN,2
BOY,TAYM,1
BOY,TAYVIEN,1
BOY,TAZIO,1
BOY,TEDDY,1
BOY,TEIDOR,1
BOY,TEMPLAR,1
BOY,TENZIN,1
BOY,TEO,2
BOY,TEODOR,1
BOY,TEOMAR,1
BOY,TERENCE,1
BOY,TERRANCE,1
BOY,TERRENCE,1
BOY,TERRY,2
BOY,TESLA,1
BOY,TEUDI,1
BOY,TEX,1
BOY,TEXAS,2
BOY,THADDEUS,2
BOY,THAI,1
BOY,THALLES,1
BOY,THATCHER,1
BOY,THELONIOUS,1
BOY,THEO,10
BOY,THEODOR,1
BOY,THEODORE,34
BOY,THEOPHILUS,1
BOY,THERIN,1
BOY,THIAGO,15
BOY,THIERRY,1
BOY,THOMAS,43
BOY,THOMPSON,1
BOY,TIAGO,5
BOY,TIAM,1
BOY,TIMOTHY,13
BOY,TIRSO,1
BOY,TITAN,1
BOY,TITUS,4
BOY,TJ,1
BOY,TLUNG,1
BOY,TOBIAS,3
BOY,TOBY,1
BOY,TODD,2
BOY,TOM,1
BOY,TOMAS,4
BOY,TOMMY,2
BOY,TONY,5
BOY,TOREAN,1
BOY,TOWNES,3
BOY,TRACE,2
BOY,TRACER,1
BOY,TRAIVON,1
BOY,TRAJAN,1
BOY,TRAVIS,10
BOY,TRAYLON,1
BOY,TRAYSON,1
BOY,TRE,1
BOY,TREDIN,1
BOY,TRELIN,1
BOY,TREMAINE,1
BOY,TRENTON,1
BOY,TREVOR,3
BOY,TREY,2
BOY,TREYON,1
BOY,TRINIDAD,1
BOY,TRIPP,3
BOY,TRISTAN,12
BOY,TRISTIAN,2
BOY,TROY,6
BOY,TRUMAN,2
BOY,TRUTH,2
BOY,TUCKER,4
BOY,TURAY,1
BOY,TURNER,1
BOY,TY,3
BOY,TYCE,2
BOY,TYHEEM,1
BOY,TYLEN,1
BOY,TYLER,15
BOY,TYRAN,1
BOY,TY'RE,1
BOY,TYREE,1
BOY,TY'REE,1
BOY,TYRIE,1
BOY,TYRION,1
BOY,TYRN,1
BOY,TYRONE,2
BOY,TYSON,2
BOY,TYSON-DANE,1
BOY,TYTAN,1
BOY,TYTTAN,1
BOY,TYUS,1
BOY,TZIMORII,1
BOY,ULICES,3
BOY,ULISES,2
BOY,ULYSSES,1
BOY,UMAR,1
BOY,URFAN,1
BOY,URIAH,2
BOY,URIEL,2
BOY,UTKARSH,1
BOY,UZAI,1
BOY,UZIEL,1
BOY,UZZIEL,1
BOY,VAIBHAV,1
BOY,VAISHNAV,1
BOY,VALENTE,1
BOY,VALENTIN,4
BOY,VALENTINO,3
BOY,VALERIANO,1
BOY,VALISEO,1
BOY,VALO,1
BOY,VAN,2
BOY,VANCE,1
BOY,VANDER,1
BOY,VARAH,1
BOY,VAUGHAN,1
BOY,VAUGHN,2
BOY,VED,2
BOY,VEDANT,1
BOY,VEDH,2
BOY,VEDHAV,1
BOY,VEER,1
BOY,VER SHAWN,1
BOY,VERON,1
BOY,VETRI,1
BOY,VEYD,1
BOY,VIAAN,1
BOY,VICENTE,2
BOY,VICTOR,21
BOY,VICTOR REY,1
BOY,VIDIT,1
BOY,VIDUR,1
BOY,VIDYUTH,1
BOY,VIHAAN,8
BOY,VIKRAM ADITYA,1
BOY,VIMARSH,1
BOY,VINCENT,15
BOY,VIRAAJ,2
BOY,VIRAAT,1
BOY,VIRAJ,3
BOY,VIRAJ ABHYAS,1
BOY,VIRAT,1
BOY,VIRGILIO,1
BOY,VISHOUS,1
BOY,VITHHUN,1
BOY,VIVAAN,1
BOY,VIVEK,1
BOY,VONN,1
BOY,VRISHANK,2
BOY,WADE,3
BOY,WAJAHAT,1
BOY,WALFORD,1
BOY,WALKER,7
BOY,WALLACE,2
BOY,WALTER,9
BOY,WARREN,4
BOY,WATSON,4
BOY,WAYLON,11
BOY,WELDON,1
BOY,WELDYN,1
BOY,WELLINGTON,1
BOY,WELLS,2
BOY,WENAO,1
BOY,WENCESLAO,1
BOY,WENDELL,1
BOY,WES,1
BOY,WESLEY,22
BOY,WESSON,1
BOY,WEST,3
BOY,WESTIN,2
BOY,WESTON,18
BOY,WHEELER,1
BOY,WHESTIRN,1
BOY,WHIT,3
BOY,WHITAKER,1
BOY,WHITT,2
BOY,WILDER,5
BOY,WILFREDO,1
BOY,WILKES,1
BOY,WILLIAM,80
BOY,WILLIAN,1
BOY,WILLIE,2
BOY,WILSON,1
BOY,WIN,1
BOY,WINN,1
BOY,WINSLOW,1
BOY,WINSTON,5
BOY,WITTEN,4
BOY,WOLF,1
BOY,WOLFGANG,3
BOY,WOODSON,1
BOY,WRAIFE,1
BOY,WREN,1
BOY,WRIHAN,1
BOY,WYATT,50
BOY,WYLDE,1
BOY,WYLDER,1
BOY,WYLIE,1
BOY,XADRIAN,1
BOY,X'ADYN,1
BOY,XAIDIOUS,1
BOY,XANDER,8
BOY,XANDOR,1
BOY,XAVI,1
BOY,XAVIER,17
BOY,XAYNE,1
BOY,XIOMAR,1
BOY,XZAVIER,1
BOY,YADIEL,1
BOY,YAEL,2
BOY,YAHIR,6
BOY,YAIR,1
BOY,YANDEL,2
BOY,YAREL,2
BOY,YARIEL,2
BOY,YAS,1
BOY,YASEEN,3
BOY,YAZDAN,1
BOY,YAZID,1
BOY,YEAB,1
BOY,YEDIDYA,1
BOY,YEE JEN,1
BOY,YEIDEN,1
BOY,YESHUA,1
BOY,YESHWANTH,1
BOY,YEUDIEL,1
BOY,YOBY,1
BOY,YOGEN,1
BOY,YOGESH,1
BOY,YOHAN,1
BOY,YOHANNES,1
BOY,YONAEL,1
BOY,YONATAN,1
BOY,YOONBIN,1
BOY,YOUNIS,1
BOY,YOUSIF,4
BOY,YOUSSEF,2
BOY,YUG,1
BOY,YULIAN,1
BOY,YUNIOR,1
BOY,YUNUS,1
BOY,YUREK,1
BOY,YUSUF,2
BOY,YUSUFU,1
BOY,YUV,1
BOY,YUVAAN,2
BOY,YUVAN,3
BOY,YUVAN MOKSHA,1
BOY,YUVEN,1
BOY,YUVIN,1
BOY,YZRAIL,1
BOY,ZAC,1
BOY,ZACH,1
BOY,ZACHARIAH,2
BOY,ZACHARY,17
BOY,ZACHERY,1
BOY,ZACK,1
BOY,ZACKARIAH,1
BOY,ZACKARY,1
BOY,ZACKERY,1
BOY,ZADE,1
BOY,ZADEN,1
BOY,ZADYN,1
BOY,ZADYNN,1
BOY,ZAEL,1
BOY,ZAID,3
BOY,ZAIDEN,2
BOY,ZAIN,1
BOY,ZAK,2
BOY,ZAKARIA,1
BOY,ZAKARIAH,1
BOY,ZAMAHRI,1
BOY,ZAMARI,1
BOY,ZA'MARIAN,1
BOY,ZANDER,2
BOY,ZANDRE,1
BOY,ZANE,9
BOY,ZARIAN,1
BOY,ZARIK,1
BOY,ZAVARI,1
BOY,ZAVIAN,1
BOY,ZAVIEN,1
BOY,ZAVIER,1
BOY,ZAXTON,1
BOY,ZAYAAN,1
BOY,ZAYD,1
BOY,ZAYDEN,16
BOY,ZAYLYNN,1
BOY,ZAYN,1
BOY,ZAYNE,4
BOY,ZAYVON,1
BOY,ZAYYAN,1
BOY,ZE,1
BOY,ZEALAND,2
BOY,ZECHARIAH,2
BOY,ZED,1
BOY,ZEFERINO,1
BOY,ZEFRIN,1
BOY,ZEKE,1
BOY,ZENITH,1
BOY,ZENO,1
BOY,ZEPHYR,3
BOY,ZEUS,2
BOY,ZEV,1
BOY,ZEVADYAH,1
BOY,ZHAYNE,1
BOY,ZIDAN,1
BOY,ZIDANE,1
BOY,ZION,7
BOY,ZIVEN,1
BOY,ZO LIAN,1
BOY,ZORAIZ,1
BOY,ZURI,1
BOY,ZY'AIRE,1
BOY,ZYAN,2
BOY,ZYION,1
BOY,ZYKAI,1
BOY,ZYLAN,1
BOY,ZYNN'DRICK,1
BOY,ZYNTRELL,1
BOY,ZYONN,1
